"Date Heure, GMT+01:00","Temp., °C (LGR S/N: 10117166, SEN S/N: 10117166, LBL: Température)","Temp., °C (LGR S/N: 10117166, SEN S/N: 10117166, LBL: Température)","Temp., °C (LGR S/N: 10117166, SEN S/N: 10117166, LBL: Température)","Temp., °C (LGR S/N: 10117166, SEN S/N: 10117166, LBL: Température)"
06/27/16 12:00:00 PM,13.81,13.834,13.858,13.81
06/27/16 12:15:00 PM,13.834,13.858,13.882,13.834
06/27/16 12:30:00 PM,13.93,13.954,14.05,14.002
06/27/16 12:45:00 PM,13.882,13.954,14.026,13.954
06/27/16 01:00:00 PM,13.858,13.93,14.026,13.954
06/27/16 01:15:00 PM,13.882,13.93,14.002,13.93
06/27/16 01:30:00 PM,13.882,13.93,14.002,13.93
06/27/16 01:45:00 PM,13.906,13.93,14.002,13.93
06/27/16 02:00:00 PM,13.906,13.93,14.002,13.906
06/27/16 02:15:00 PM,13.93,13.93,13.978,13.906
06/27/16 02:30:00 PM,13.93,13.93,13.978,13.906
06/27/16 02:45:00 PM,13.954,13.93,13.978,13.906
06/27/16 03:00:00 PM,13.978,13.93,13.978,13.882
06/27/16 03:15:00 PM,14.002,13.93,13.978,13.882
06/27/16 03:30:00 PM,14.026,13.93,13.954,13.882
06/27/16 03:45:00 PM,14.05,13.93,13.954,13.882
06/27/16 04:00:00 PM,14.074,13.954,13.954,13.882
06/27/16 04:15:00 PM,14.098,13.954,13.954,13.882
06/27/16 04:30:00 PM,14.122,13.954,13.954,13.882
06/27/16 04:45:00 PM,14.17,13.954,13.954,13.858
06/27/16 05:00:00 PM,14.194,13.978,13.954,13.858
06/27/16 05:15:00 PM,14.218,13.978,13.954,13.858
06/27/16 05:30:00 PM,14.266,14.002,13.954,13.858
06/27/16 05:45:00 PM,14.29,14.002,13.954,13.858
06/27/16 06:00:00 PM,14.314,14.026,13.954,13.858
06/27/16 06:15:00 PM,14.361,14.026,13.978,13.858
06/27/16 06:30:00 PM,14.385,14.05,13.978,13.858
06/27/16 06:45:00 PM,14.409,14.05,13.978,13.858
06/27/16 07:00:00 PM,14.433,14.074,13.978,13.858
06/27/16 07:15:00 PM,14.457,14.074,13.978,13.858
06/27/16 07:30:00 PM,14.481,14.098,14.002,13.858
06/27/16 07:45:00 PM,14.505,14.122,14.002,13.858
06/27/16 08:00:00 PM,14.505,14.122,14.002,13.858
06/27/16 08:15:00 PM,14.529,14.146,14.002,13.858
06/27/16 08:30:00 PM,14.553,14.146,14.002,13.858
06/27/16 08:45:00 PM,14.553,14.17,14.026,13.858
06/27/16 09:00:00 PM,14.577,14.17,14.026,13.858
06/27/16 09:15:00 PM,14.601,14.194,14.026,13.858
06/27/16 09:30:00 PM,14.601,14.194,14.05,13.858
06/27/16 09:45:00 PM,14.625,14.218,14.05,13.858
06/27/16 10:00:00 PM,14.625,14.218,14.05,13.858
06/27/16 10:15:00 PM,14.625,14.242,14.05,13.858
06/27/16 10:30:00 PM,14.649,14.242,14.074,13.882
06/27/16 10:45:00 PM,14.649,14.266,14.074,13.882
06/27/16 11:00:00 PM,14.649,14.266,14.098,13.882
06/27/16 11:15:00 PM,14.649,14.29,14.098,13.882
06/27/16 11:30:00 PM,14.649,14.29,14.098,13.882
06/27/16 11:45:00 PM,14.649,14.29,14.098,13.882
06/28/16 12:00:00 AM,14.649,14.314,14.098,13.882
06/28/16 12:15:00 AM,14.625,14.314,14.098,13.882
06/28/16 12:30:00 AM,14.625,14.314,14.122,13.906
06/28/16 12:45:00 AM,14.601,14.314,14.122,13.906
06/28/16 01:00:00 AM,14.601,14.337,14.122,13.906
06/28/16 01:15:00 AM,14.577,14.337,14.122,13.906
06/28/16 01:30:00 AM,14.577,14.314,14.146,13.906
06/28/16 01:45:00 AM,14.553,14.337,14.146,13.906
06/28/16 02:00:00 AM,14.529,14.337,14.146,13.906
06/28/16 02:15:00 AM,14.529,14.337,14.146,13.906
06/28/16 02:30:00 AM,14.505,14.314,14.146,13.906
06/28/16 02:45:00 AM,14.481,14.314,14.146,13.93
06/28/16 03:00:00 AM,14.433,14.314,14.146,13.93
06/28/16 03:15:00 AM,14.409,14.314,14.17,13.93
06/28/16 03:30:00 AM,14.385,14.314,14.17,13.93
06/28/16 03:45:00 AM,14.361,14.29,14.17,13.93
06/28/16 04:00:00 AM,14.337,14.29,14.17,13.93
06/28/16 04:15:00 AM,14.314,14.29,14.146,13.93
06/28/16 04:30:00 AM,14.29,14.29,14.146,13.93
06/28/16 04:45:00 AM,14.266,14.266,14.146,13.93
06/28/16 05:00:00 AM,14.242,14.266,14.146,13.93
06/28/16 05:15:00 AM,14.218,14.242,14.146,13.93
06/28/16 05:30:00 AM,14.218,14.242,14.146,13.93
06/28/16 05:45:00 AM,14.194,14.218,14.146,13.93
06/28/16 06:00:00 AM,14.17,14.218,14.146,13.93
06/28/16 06:15:00 AM,14.146,14.194,14.122,13.93
06/28/16 06:30:00 AM,14.122,14.194,14.122,13.93
06/28/16 06:45:00 AM,14.122,14.194,14.122,13.93
06/28/16 07:00:00 AM,14.098,14.17,14.122,13.93
06/28/16 07:15:00 AM,14.098,14.17,14.122,13.93
06/28/16 07:30:00 AM,14.074,14.146,14.122,13.93
06/28/16 07:45:00 AM,14.074,14.146,14.098,13.93
06/28/16 08:00:00 AM,14.074,14.122,14.098,13.93
06/28/16 08:15:00 AM,14.05,14.122,14.098,13.93
06/28/16 08:30:00 AM,14.05,14.122,14.098,13.93
06/28/16 08:45:00 AM,14.05,14.098,14.098,13.93
06/28/16 09:00:00 AM,14.05,14.098,14.074,13.906
06/28/16 09:15:00 AM,14.05,14.098,14.074,13.906
06/28/16 09:30:00 AM,14.026,14.098,14.074,13.906
06/28/16 09:45:00 AM,14.026,14.074,14.074,13.906
06/28/16 10:00:00 AM,14.026,14.074,14.074,13.906
06/28/16 10:15:00 AM,14.026,14.074,14.05,13.906
06/28/16 10:30:00 AM,14.05,14.05,14.05,13.906
06/28/16 10:45:00 AM,14.05,14.05,14.05,13.906
06/28/16 11:00:00 AM,14.05,14.05,14.05,13.906
06/28/16 11:15:00 AM,14.074,14.05,14.05,13.906
06/28/16 11:30:00 AM,14.074,14.05,14.05,13.906
06/28/16 11:45:00 AM,14.074,14.05,14.05,13.906
06/28/16 12:00:00 PM,14.098,14.05,14.026,13.882
06/28/16 12:15:00 PM,14.098,14.05,14.026,13.882
06/28/16 12:30:00 PM,14.122,14.05,14.026,13.882
06/28/16 12:45:00 PM,14.122,14.05,14.026,13.882
06/28/16 01:00:00 PM,14.146,14.05,14.026,13.882
06/28/16 01:15:00 PM,14.17,14.05,14.002,13.882
06/28/16 01:30:00 PM,14.194,14.05,14.026,13.882
06/28/16 01:45:00 PM,14.218,14.05,14.026,13.882
06/28/16 02:00:00 PM,14.242,14.05,14.002,13.882
06/28/16 02:15:00 PM,14.266,14.05,14.026,13.858
06/28/16 02:30:00 PM,14.29,14.074,14.026,13.858
06/28/16 02:45:00 PM,14.314,14.074,14.026,13.858
06/28/16 03:00:00 PM,14.361,14.074,14.002,13.882
06/28/16 03:15:00 PM,14.385,14.098,14.002,13.858
06/28/16 03:30:00 PM,14.409,14.098,14.002,13.858
06/28/16 03:45:00 PM,14.433,14.122,14.026,13.858
06/28/16 04:00:00 PM,14.457,14.122,14.026,13.858
06/28/16 04:15:00 PM,14.505,14.146,14.026,13.858
06/28/16 04:30:00 PM,14.529,14.146,14.026,13.858
06/28/16 04:45:00 PM,14.553,14.17,14.026,13.858
06/28/16 05:00:00 PM,14.601,14.17,14.026,13.858
06/28/16 05:15:00 PM,14.625,14.194,14.05,13.858
06/28/16 05:30:00 PM,14.649,14.194,14.05,13.858
06/28/16 05:45:00 PM,14.697,14.218,14.05,13.858
06/28/16 06:00:00 PM,14.721,14.218,14.05,13.858
06/28/16 06:15:00 PM,14.745,14.242,14.074,13.858
06/28/16 06:30:00 PM,14.792,14.266,14.074,13.858
06/28/16 06:45:00 PM,14.816,14.29,14.074,13.858
06/28/16 07:00:00 PM,14.864,14.314,14.074,13.858
06/28/16 07:15:00 PM,14.888,14.314,14.098,13.882
06/28/16 07:30:00 PM,14.912,14.337,14.098,13.882
06/28/16 07:45:00 PM,14.936,14.361,14.098,13.882
06/28/16 08:00:00 PM,14.96,14.361,14.122,13.882
06/28/16 08:15:00 PM,14.984,14.385,14.122,13.882
06/28/16 08:30:00 PM,15.008,14.409,14.146,13.882
06/28/16 08:45:00 PM,15.008,14.433,14.146,13.882
06/28/16 09:00:00 PM,15.031,14.457,14.146,13.906
06/28/16 09:15:00 PM,15.031,14.457,14.17,13.906
06/28/16 09:30:00 PM,15.055,14.481,14.17,13.906
06/28/16 09:45:00 PM,15.055,14.481,14.194,13.906
06/28/16 10:00:00 PM,15.055,14.505,14.194,13.906
06/28/16 10:15:00 PM,15.055,14.505,14.218,13.906
06/28/16 10:30:00 PM,15.055,14.529,14.218,13.93
06/28/16 10:45:00 PM,15.031,14.529,14.218,13.93
06/28/16 11:00:00 PM,15.031,14.553,14.242,13.93
06/28/16 11:15:00 PM,15.031,14.553,14.242,13.93
06/28/16 11:30:00 PM,15.008,14.553,14.242,13.954
06/28/16 11:45:00 PM,15.008,14.553,14.266,13.954
06/29/16 12:00:00 AM,14.984,14.577,14.266,13.954
06/29/16 12:15:00 AM,14.984,14.577,14.29,13.954
06/29/16 12:30:00 AM,14.96,14.577,14.29,13.978
06/29/16 12:45:00 AM,14.936,14.577,14.29,13.978
06/29/16 01:00:00 AM,14.936,14.577,14.29,13.978
06/29/16 01:15:00 AM,14.912,14.577,14.314,13.978
06/29/16 01:30:00 AM,14.888,14.577,14.314,14.002
06/29/16 01:45:00 AM,14.864,14.577,14.314,14.002
06/29/16 02:00:00 AM,14.864,14.577,14.314,14.002
06/29/16 02:15:00 AM,14.84,14.577,14.314,14.002
06/29/16 02:30:00 AM,14.816,14.577,14.314,14.002
06/29/16 02:45:00 AM,14.792,14.553,14.314,14.002
06/29/16 03:00:00 AM,14.768,14.553,14.337,14.002
06/29/16 03:15:00 AM,14.745,14.553,14.337,14.002
06/29/16 03:30:00 AM,14.721,14.553,14.337,14.026
06/29/16 03:45:00 AM,14.721,14.553,14.337,14.026
06/29/16 04:00:00 AM,14.673,14.529,14.337,14.026
06/29/16 04:15:00 AM,14.649,14.529,14.337,14.026
06/29/16 04:30:00 AM,14.625,14.529,14.337,14.026
06/29/16 04:45:00 AM,14.601,14.505,14.314,14.026
06/29/16 05:00:00 AM,14.577,14.505,14.337,14.026
06/29/16 05:15:00 AM,14.553,14.481,14.337,14.026
06/29/16 05:30:00 AM,14.505,14.481,14.314,14.026
06/29/16 05:45:00 AM,14.481,14.481,14.314,14.026
06/29/16 06:00:00 AM,14.457,14.457,14.314,14.05
06/29/16 06:15:00 AM,14.409,14.457,14.314,14.026
06/29/16 06:30:00 AM,14.385,14.433,14.314,14.05
06/29/16 06:45:00 AM,14.361,14.433,14.29,14.05
06/29/16 07:00:00 AM,14.337,14.409,14.314,14.05
06/29/16 07:15:00 AM,14.314,14.385,14.29,14.05
06/29/16 07:30:00 AM,14.266,14.385,14.29,14.026
06/29/16 07:45:00 AM,14.242,14.361,14.266,14.026
06/29/16 08:00:00 AM,14.242,14.361,14.266,14.05
06/29/16 08:15:00 AM,14.194,14.337,14.266,14.026
06/29/16 08:30:00 AM,14.194,14.314,14.266,14.026
06/29/16 08:45:00 AM,14.17,14.314,14.242,14.026
06/29/16 09:00:00 AM,14.146,14.29,14.242,14.026
06/29/16 09:15:00 AM,14.146,14.266,14.242,14.026
06/29/16 09:30:00 AM,14.122,14.266,14.218,14.026
06/29/16 09:45:00 AM,14.122,14.242,14.218,14.026
06/29/16 10:00:00 AM,14.098,14.242,14.218,14.026
06/29/16 10:15:00 AM,14.098,14.218,14.218,14.026
06/29/16 10:30:00 AM,14.098,14.218,14.194,14.002
06/29/16 10:45:00 AM,14.098,14.194,14.194,14.002
06/29/16 11:00:00 AM,14.098,14.17,14.17,14.002
06/29/16 11:15:00 AM,14.098,14.17,14.17,14.002
06/29/16 11:30:00 AM,14.098,14.17,14.17,14.002
06/29/16 11:45:00 AM,14.098,14.146,14.146,14.002
06/29/16 12:00:00 PM,14.122,14.146,14.146,13.978
06/29/16 12:15:00 PM,14.122,14.146,14.146,13.978
06/29/16 12:30:00 PM,14.146,14.146,14.146,13.978
06/29/16 12:45:00 PM,14.146,14.146,14.122,13.978
06/29/16 01:00:00 PM,14.17,14.146,14.122,13.978
06/29/16 01:15:00 PM,14.218,14.122,14.122,13.978
06/29/16 01:30:00 PM,14.242,14.122,14.122,13.954
06/29/16 01:45:00 PM,14.266,14.146,14.098,13.954
06/29/16 02:00:00 PM,14.29,14.146,14.098,13.954
06/29/16 02:15:00 PM,14.337,14.146,14.098,13.954
06/29/16 02:30:00 PM,14.361,14.146,14.098,13.954
06/29/16 02:45:00 PM,14.409,14.146,14.098,13.954
06/29/16 03:00:00 PM,14.433,14.17,14.098,13.954
06/29/16 03:15:00 PM,14.505,14.17,14.098,13.954
06/29/16 03:30:00 PM,14.529,14.194,14.098,13.954
06/29/16 03:45:00 PM,14.577,14.194,14.098,13.954
06/29/16 04:00:00 PM,14.625,14.218,14.098,13.93
06/29/16 04:15:00 PM,14.673,14.242,14.098,13.93
06/29/16 04:30:00 PM,14.721,14.242,14.122,13.93
06/29/16 04:45:00 PM,14.768,14.266,14.122,13.93
06/29/16 05:00:00 PM,14.816,14.29,14.122,13.93
06/29/16 05:15:00 PM,14.84,14.314,14.146,13.93
06/29/16 05:30:00 PM,14.888,14.337,14.146,13.93
06/29/16 05:45:00 PM,14.936,14.361,14.146,13.93
06/29/16 06:00:00 PM,14.984,14.385,14.146,13.93
06/29/16 06:15:00 PM,15.008,14.385,14.146,13.93
06/29/16 06:30:00 PM,15.055,14.409,14.17,13.93
06/29/16 06:45:00 PM,15.103,14.433,14.194,13.954
06/29/16 07:00:00 PM,15.151,14.457,14.194,13.954
06/29/16 07:15:00 PM,15.175,14.481,14.194,13.954
06/29/16 07:30:00 PM,15.199,14.505,14.218,13.954
06/29/16 07:45:00 PM,15.223,14.529,14.218,13.954
06/29/16 08:00:00 PM,15.247,14.553,14.242,13.954
06/29/16 08:15:00 PM,15.247,14.577,14.242,13.978
06/29/16 08:30:00 PM,15.27,14.601,14.266,13.978
06/29/16 08:45:00 PM,15.294,14.625,14.266,13.978
06/29/16 09:00:00 PM,15.294,14.625,14.29,13.978
06/29/16 09:15:00 PM,15.318,14.649,14.314,13.978
06/29/16 09:30:00 PM,15.318,14.673,14.314,14.002
06/29/16 09:45:00 PM,15.342,14.673,14.337,14.002
06/29/16 10:00:00 PM,15.342,14.697,14.337,14.002
06/29/16 10:15:00 PM,15.342,14.721,14.337,14.002
06/29/16 10:30:00 PM,15.342,14.721,14.361,14.026
06/29/16 10:45:00 PM,15.342,14.745,14.385,14.026
06/29/16 11:00:00 PM,15.342,14.745,14.385,14.026
06/29/16 11:15:00 PM,15.342,14.768,14.385,14.05
06/29/16 11:30:00 PM,15.318,14.768,14.409,14.05
06/29/16 11:45:00 PM,15.318,14.768,14.409,14.05
06/30/16 12:00:00 AM,15.294,14.768,14.433,14.05
06/30/16 12:15:00 AM,15.294,14.792,14.433,14.074
06/30/16 12:30:00 AM,15.27,14.792,14.433,14.074
06/30/16 12:45:00 AM,15.247,14.792,14.457,14.074
06/30/16 01:00:00 AM,15.247,14.792,14.457,14.074
06/30/16 01:15:00 AM,15.223,14.792,14.457,14.098
06/30/16 01:30:00 AM,15.199,14.792,14.457,14.098
06/30/16 01:45:00 AM,15.175,14.792,14.457,14.098
06/30/16 02:00:00 AM,15.151,14.792,14.481,14.098
06/30/16 02:15:00 AM,15.127,14.792,14.481,14.122
06/30/16 02:30:00 AM,15.103,14.792,14.481,14.122
06/30/16 02:45:00 AM,15.079,14.792,14.481,14.122
06/30/16 03:00:00 AM,15.055,14.792,14.505,14.122
06/30/16 03:15:00 AM,15.031,14.792,14.481,14.122
06/30/16 03:30:00 AM,15.008,14.768,14.505,14.146
06/30/16 03:45:00 AM,14.984,14.768,14.505,14.146
06/30/16 04:00:00 AM,14.936,14.768,14.505,14.146
06/30/16 04:15:00 AM,14.912,14.745,14.505,14.146
06/30/16 04:30:00 AM,14.888,14.745,14.505,14.146
06/30/16 04:45:00 AM,14.864,14.721,14.505,14.146
06/30/16 05:00:00 AM,14.84,14.721,14.505,14.146
06/30/16 05:15:00 AM,14.816,14.697,14.481,14.146
06/30/16 05:30:00 AM,14.792,14.697,14.481,14.17
06/30/16 05:45:00 AM,14.745,14.673,14.481,14.17
06/30/16 06:00:00 AM,14.721,14.673,14.481,14.17
06/30/16 06:15:00 AM,14.697,14.673,14.481,14.17
06/30/16 06:30:00 AM,14.673,14.649,14.481,14.17
06/30/16 06:45:00 AM,14.673,14.625,14.481,14.17
06/30/16 07:00:00 AM,14.625,14.625,14.457,14.17
06/30/16 07:15:00 AM,14.601,14.601,14.457,14.17
06/30/16 07:30:00 AM,14.601,14.601,14.457,14.17
06/30/16 07:45:00 AM,14.577,14.577,14.457,14.17
06/30/16 08:00:00 AM,14.553,14.553,14.433,14.17
06/30/16 08:15:00 AM,14.529,14.553,14.433,14.17
06/30/16 08:30:00 AM,14.505,14.553,14.433,14.17
06/30/16 08:45:00 AM,14.481,14.529,14.433,14.17
06/30/16 09:00:00 AM,14.481,14.505,14.433,14.146
06/30/16 09:15:00 AM,14.481,14.505,14.409,14.17
06/30/16 09:30:00 AM,14.457,14.481,14.409,14.146
06/30/16 09:45:00 AM,14.433,14.481,14.409,14.17
06/30/16 10:00:00 AM,14.433,14.481,14.385,14.146
06/30/16 10:15:00 AM,14.433,14.457,14.385,14.146
06/30/16 10:30:00 AM,14.433,14.457,14.385,14.146
06/30/16 10:45:00 AM,14.409,14.433,14.361,14.146
06/30/16 11:00:00 AM,14.409,14.433,14.361,14.146
06/30/16 11:15:00 AM,14.409,14.409,14.361,14.146
06/30/16 11:30:00 AM,14.409,14.409,14.361,14.122
06/30/16 11:45:00 AM,14.409,14.409,14.337,14.146
06/30/16 12:00:00 PM,14.409,14.409,14.337,14.122
06/30/16 12:15:00 PM,14.409,14.385,14.337,14.122
06/30/16 12:30:00 PM,14.409,14.385,14.337,14.122
06/30/16 12:45:00 PM,14.409,14.361,14.337,14.122
06/30/16 01:00:00 PM,14.409,14.385,14.314,14.122
06/30/16 01:15:00 PM,14.433,14.361,14.314,14.122
06/30/16 01:30:00 PM,14.433,14.361,14.314,14.122
06/30/16 01:45:00 PM,14.433,14.361,14.314,14.098
06/30/16 02:00:00 PM,14.457,14.361,14.314,14.098
06/30/16 02:15:00 PM,14.457,14.361,14.29,14.098
06/30/16 02:30:00 PM,14.457,14.361,14.29,14.098
06/30/16 02:45:00 PM,14.481,14.361,14.29,14.098
06/30/16 03:00:00 PM,14.505,14.361,14.29,14.098
06/30/16 03:15:00 PM,14.505,14.361,14.29,14.098
06/30/16 03:30:00 PM,14.529,14.361,14.29,14.098
06/30/16 03:45:00 PM,14.553,14.361,14.29,14.098
06/30/16 04:00:00 PM,14.577,14.361,14.29,14.098
06/30/16 04:15:00 PM,14.601,14.361,14.29,14.074
06/30/16 04:30:00 PM,14.625,14.385,14.29,14.074
06/30/16 04:45:00 PM,14.673,14.385,14.29,14.074
06/30/16 05:00:00 PM,14.697,14.385,14.29,14.074
06/30/16 05:15:00 PM,14.721,14.409,14.266,14.074
06/30/16 05:30:00 PM,14.768,14.409,14.266,14.074
06/30/16 05:45:00 PM,14.792,14.433,14.29,14.074
06/30/16 06:00:00 PM,14.816,14.433,14.29,14.074
06/30/16 06:15:00 PM,14.84,14.457,14.29,14.074
06/30/16 06:30:00 PM,14.888,14.457,14.29,14.074
06/30/16 06:45:00 PM,14.912,14.481,14.29,14.074
06/30/16 07:00:00 PM,14.936,14.481,14.29,14.074
06/30/16 07:15:00 PM,14.96,14.505,14.314,14.074
06/30/16 07:30:00 PM,15.008,14.505,14.314,14.074
06/30/16 07:45:00 PM,15.031,14.529,14.314,14.074
06/30/16 08:00:00 PM,15.055,14.553,14.314,14.074
06/30/16 08:15:00 PM,15.079,14.553,14.337,14.074
06/30/16 08:30:00 PM,15.103,14.577,14.337,14.074
06/30/16 08:45:00 PM,15.127,14.577,14.337,14.074
06/30/16 09:00:00 PM,15.151,14.601,14.361,14.074
06/30/16 09:15:00 PM,15.151,14.625,14.361,14.098
06/30/16 09:30:00 PM,15.175,14.649,14.361,14.098
06/30/16 09:45:00 PM,15.175,14.649,14.385,14.098
06/30/16 10:00:00 PM,15.199,14.673,14.385,14.098
06/30/16 10:15:00 PM,15.199,14.673,14.385,14.098
06/30/16 10:30:00 PM,15.199,14.697,14.385,14.098
06/30/16 10:45:00 PM,15.199,14.697,14.409,14.098
06/30/16 11:00:00 PM,15.199,14.721,14.409,14.098
06/30/16 11:15:00 PM,15.199,14.721,14.433,14.122
06/30/16 11:30:00 PM,15.199,14.721,14.433,14.122
06/30/16 11:45:00 PM,15.199,14.745,14.433,14.122
07/01/16 12:00:00 AM,15.199,14.745,14.433,14.122
07/01/16 12:15:00 AM,15.175,14.745,14.457,14.122
07/01/16 12:30:00 AM,15.175,14.745,14.457,14.122
07/01/16 12:45:00 AM,15.175,14.768,14.457,14.146
07/01/16 01:00:00 AM,15.151,14.768,14.481,14.146
07/01/16 01:15:00 AM,15.151,14.768,14.481,14.146
07/01/16 01:30:00 AM,15.151,14.768,14.481,14.146
07/01/16 01:45:00 AM,15.127,14.768,14.481,14.146
07/01/16 02:00:00 AM,15.103,14.768,14.481,14.146
07/01/16 02:15:00 AM,15.103,14.768,14.505,14.17
07/01/16 02:30:00 AM,15.079,14.768,14.505,14.17
07/01/16 02:45:00 AM,15.055,14.768,14.505,14.17
07/01/16 03:00:00 AM,15.031,14.768,14.505,14.17
07/01/16 03:15:00 AM,15.008,14.768,14.505,14.17
07/01/16 03:30:00 AM,15.008,14.768,14.505,14.17
07/01/16 03:45:00 AM,14.984,14.745,14.505,14.194
07/01/16 04:00:00 AM,14.96,14.745,14.505,14.194
07/01/16 04:15:00 AM,14.936,14.745,14.505,14.194
07/01/16 04:30:00 AM,14.912,14.721,14.505,14.194
07/01/16 04:45:00 AM,14.888,14.721,14.505,14.194
07/01/16 05:00:00 AM,14.864,14.721,14.505,14.194
07/01/16 05:15:00 AM,14.84,14.721,14.505,14.194
07/01/16 05:30:00 AM,14.84,14.697,14.505,14.194
07/01/16 05:45:00 AM,14.816,14.697,14.505,14.194
07/01/16 06:00:00 AM,14.792,14.673,14.505,14.194
07/01/16 06:15:00 AM,14.768,14.673,14.505,14.194
07/01/16 06:30:00 AM,14.745,14.673,14.505,14.194
07/01/16 06:45:00 AM,14.721,14.649,14.505,14.194
07/01/16 07:00:00 AM,14.721,14.649,14.481,14.194
07/01/16 07:15:00 AM,14.697,14.649,14.481,14.194
07/01/16 07:30:00 AM,14.673,14.625,14.481,14.194
07/01/16 07:45:00 AM,14.649,14.625,14.481,14.194
07/01/16 08:00:00 AM,14.649,14.601,14.481,14.194
07/01/16 08:15:00 AM,14.625,14.601,14.481,14.194
07/01/16 08:30:00 AM,14.601,14.601,14.457,14.218
07/01/16 08:45:00 AM,14.577,14.577,14.457,14.194
07/01/16 09:00:00 AM,14.577,14.577,14.457,14.194
07/01/16 09:15:00 AM,14.553,14.553,14.457,14.194
07/01/16 09:30:00 AM,14.553,14.553,14.457,14.194
07/01/16 09:45:00 AM,14.553,14.529,14.433,14.194
07/01/16 10:00:00 AM,14.529,14.529,14.433,14.194
07/01/16 10:15:00 AM,14.529,14.529,14.433,14.194
07/01/16 10:30:00 AM,14.529,14.505,14.433,14.194
07/01/16 10:45:00 AM,14.529,14.505,14.433,14.194
07/01/16 11:00:00 AM,14.529,14.481,14.409,14.194
07/01/16 11:15:00 AM,14.529,14.481,14.409,14.194
07/01/16 11:30:00 AM,14.529,14.481,14.409,14.194
07/01/16 11:45:00 AM,14.529,14.481,14.409,14.17
07/01/16 12:00:00 PM,14.529,14.481,14.385,14.17
07/01/16 12:15:00 PM,14.529,14.457,14.385,14.17
07/01/16 12:30:00 PM,14.529,14.457,14.385,14.17
07/01/16 12:45:00 PM,14.529,14.457,14.385,14.17
07/01/16 01:00:00 PM,14.529,14.457,14.385,14.17
07/01/16 01:15:00 PM,14.529,14.457,14.385,14.17
07/01/16 01:30:00 PM,14.529,14.457,14.361,14.17
07/01/16 01:45:00 PM,14.553,14.433,14.361,14.17
07/01/16 02:00:00 PM,14.553,14.433,14.361,14.146
07/01/16 02:15:00 PM,14.577,14.433,14.361,14.146
07/01/16 02:30:00 PM,14.577,14.433,14.361,14.146
07/01/16 02:45:00 PM,14.601,14.433,14.361,14.146
07/01/16 03:00:00 PM,14.601,14.433,14.337,14.146
07/01/16 03:15:00 PM,14.625,14.433,14.361,14.146
07/01/16 03:30:00 PM,14.649,14.433,14.337,14.146
07/01/16 03:45:00 PM,14.673,14.457,14.361,14.146
07/01/16 04:00:00 PM,14.673,14.457,14.337,14.146
07/01/16 04:15:00 PM,14.697,14.457,14.337,14.146
07/01/16 04:30:00 PM,14.721,14.457,14.337,14.146
07/01/16 04:45:00 PM,14.721,14.457,14.337,14.122
07/01/16 05:00:00 PM,14.721,14.481,14.337,14.146
07/01/16 05:15:00 PM,14.745,14.481,14.337,14.122
07/01/16 05:30:00 PM,14.745,14.481,14.361,14.146
07/01/16 05:45:00 PM,14.768,14.505,14.361,14.122
07/01/16 06:00:00 PM,14.768,14.505,14.361,14.122
07/01/16 06:15:00 PM,14.792,14.505,14.361,14.146
07/01/16 06:30:00 PM,14.792,14.505,14.361,14.146
07/01/16 06:45:00 PM,14.816,14.505,14.361,14.122
07/01/16 07:00:00 PM,14.84,14.529,14.361,14.122
07/01/16 07:15:00 PM,14.84,14.529,14.361,14.122
07/01/16 07:30:00 PM,14.864,14.529,14.361,14.122
07/01/16 07:45:00 PM,14.888,14.553,14.361,14.122
07/01/16 08:00:00 PM,14.888,14.553,14.385,14.122
07/01/16 08:15:00 PM,14.912,14.553,14.361,14.122
07/01/16 08:30:00 PM,14.912,14.577,14.385,14.122
07/01/16 08:45:00 PM,14.912,14.577,14.385,14.122
07/01/16 09:00:00 PM,14.936,14.577,14.385,14.146
07/01/16 09:15:00 PM,14.936,14.577,14.385,14.146
07/01/16 09:30:00 PM,14.936,14.601,14.409,14.146
07/01/16 09:45:00 PM,14.936,14.601,14.409,14.146
07/01/16 10:00:00 PM,14.936,14.601,14.409,14.146
07/01/16 10:15:00 PM,14.936,14.625,14.409,14.146
07/01/16 10:30:00 PM,14.936,14.625,14.409,14.146
07/01/16 10:45:00 PM,14.936,14.625,14.409,14.146
07/01/16 11:00:00 PM,14.936,14.625,14.433,14.146
07/01/16 11:15:00 PM,14.936,14.625,14.433,14.146
07/01/16 11:30:00 PM,14.936,14.625,14.433,14.146
07/01/16 11:45:00 PM,14.912,14.625,14.433,14.146
07/02/16 12:00:00 AM,14.912,14.649,14.433,14.146
07/02/16 12:15:00 AM,14.888,14.625,14.433,14.146
07/02/16 12:30:00 AM,14.888,14.625,14.433,14.17
07/02/16 12:45:00 AM,14.864,14.625,14.433,14.17
07/02/16 01:00:00 AM,14.84,14.649,14.433,14.17
07/02/16 01:15:00 AM,14.84,14.649,14.433,14.17
07/02/16 01:30:00 AM,14.816,14.649,14.433,14.17
07/02/16 01:45:00 AM,14.768,14.625,14.433,14.17
07/02/16 02:00:00 AM,14.745,14.625,14.433,14.17
07/02/16 02:15:00 AM,14.721,14.625,14.433,14.17
07/02/16 02:30:00 AM,14.697,14.601,14.433,14.17
07/02/16 02:45:00 AM,14.673,14.601,14.433,14.17
07/02/16 03:00:00 AM,14.625,14.601,14.433,14.194
07/02/16 03:15:00 AM,14.601,14.577,14.433,14.17
07/02/16 03:30:00 AM,14.577,14.577,14.433,14.17
07/02/16 03:45:00 AM,14.553,14.553,14.433,14.194
07/02/16 04:00:00 AM,14.505,14.553,14.433,14.17
07/02/16 04:15:00 AM,14.481,14.529,14.433,14.17
07/02/16 04:30:00 AM,14.457,14.529,14.409,14.17
07/02/16 04:45:00 AM,14.433,14.505,14.409,14.17
07/02/16 05:00:00 AM,14.385,14.505,14.409,14.17
07/02/16 05:15:00 AM,14.385,14.481,14.409,14.17
07/02/16 05:30:00 AM,14.337,14.457,14.409,14.17
07/02/16 05:45:00 AM,14.314,14.457,14.385,14.17
07/02/16 06:00:00 AM,14.29,14.433,14.385,14.17
07/02/16 06:15:00 AM,14.266,14.409,14.385,14.17
07/02/16 06:30:00 AM,14.218,14.409,14.385,14.17
07/02/16 06:45:00 AM,14.194,14.385,14.361,14.17
07/02/16 07:00:00 AM,14.17,14.361,14.361,14.17
07/02/16 07:15:00 AM,14.146,14.361,14.361,14.17
07/02/16 07:30:00 AM,14.122,14.337,14.337,14.17
07/02/16 07:45:00 AM,14.098,14.314,14.337,14.146
07/02/16 08:00:00 AM,14.074,14.314,14.337,14.146
07/02/16 08:15:00 AM,14.05,14.29,14.314,14.146
07/02/16 08:30:00 AM,14.026,14.266,14.314,14.146
07/02/16 08:45:00 AM,14.026,14.266,14.29,14.146
07/02/16 09:00:00 AM,14.002,14.242,14.29,14.122
07/02/16 09:15:00 AM,14.002,14.218,14.266,14.122
07/02/16 09:30:00 AM,13.978,14.218,14.266,14.122
07/02/16 09:45:00 AM,13.954,14.194,14.242,14.122
07/02/16 10:00:00 AM,13.954,14.17,14.242,14.122
07/02/16 10:15:00 AM,13.93,14.17,14.242,14.098
07/02/16 10:30:00 AM,13.93,14.146,14.218,14.098
07/02/16 10:45:00 AM,13.93,14.146,14.218,14.098
07/02/16 11:00:00 AM,13.906,14.122,14.218,14.098
07/02/16 11:15:00 AM,13.906,14.122,14.194,14.098
07/02/16 11:30:00 AM,13.93,14.098,14.194,14.074
07/02/16 11:45:00 AM,13.906,14.098,14.17,14.074
07/02/16 12:00:00 PM,13.906,14.098,14.17,14.074
07/02/16 12:15:00 PM,13.93,14.074,14.17,14.074
07/02/16 12:30:00 PM,13.93,14.074,14.146,14.05
07/02/16 12:45:00 PM,13.93,14.074,14.146,14.05
07/02/16 01:00:00 PM,13.93,14.05,14.146,14.05
07/02/16 01:15:00 PM,13.954,14.05,14.122,14.05
07/02/16 01:30:00 PM,13.954,14.05,14.122,14.026
07/02/16 01:45:00 PM,13.954,14.05,14.122,14.026
07/02/16 02:00:00 PM,13.978,14.05,14.122,14.026
07/02/16 02:15:00 PM,13.978,14.05,14.098,14.026
07/02/16 02:30:00 PM,14.002,14.05,14.098,14.002
07/02/16 02:45:00 PM,14.002,14.026,14.098,14.002
07/02/16 03:00:00 PM,14.026,14.026,14.098,14.002
07/02/16 03:15:00 PM,14.026,14.026,14.098,14.002
07/02/16 03:30:00 PM,14.05,14.05,14.074,14.002
07/02/16 03:45:00 PM,14.074,14.026,14.074,13.978
07/02/16 04:00:00 PM,14.074,14.026,14.074,13.978
07/02/16 04:15:00 PM,14.098,14.05,14.074,13.978
07/02/16 04:30:00 PM,14.122,14.05,14.074,13.978
07/02/16 04:45:00 PM,14.146,14.05,14.074,13.978
07/02/16 05:00:00 PM,14.17,14.05,14.05,13.978
07/02/16 05:15:00 PM,14.17,14.05,14.05,13.978
07/02/16 05:30:00 PM,14.194,14.074,14.074,13.954
07/02/16 05:45:00 PM,14.218,14.074,14.074,13.954
07/02/16 06:00:00 PM,14.242,14.074,14.05,13.954
07/02/16 06:15:00 PM,14.266,14.074,14.074,13.954
07/02/16 06:30:00 PM,14.29,14.098,14.074,13.954
07/02/16 06:45:00 PM,14.29,14.098,14.074,13.954
07/02/16 07:00:00 PM,14.314,14.098,14.074,13.954
07/02/16 07:15:00 PM,14.337,14.122,14.074,13.954
07/02/16 07:30:00 PM,14.361,14.122,14.074,13.93
07/02/16 07:45:00 PM,14.361,14.146,14.074,13.93
07/02/16 08:00:00 PM,14.385,14.146,14.074,13.93
07/02/16 08:15:00 PM,14.385,14.17,14.074,13.93
07/02/16 08:30:00 PM,14.409,14.17,14.074,13.93
07/02/16 08:45:00 PM,14.409,14.17,14.074,13.93
07/02/16 09:00:00 PM,14.409,14.17,14.098,13.93
07/02/16 09:15:00 PM,14.409,14.194,14.098,13.93
07/02/16 09:30:00 PM,14.409,14.194,14.098,13.93
07/02/16 09:45:00 PM,14.409,14.194,14.098,13.93
07/02/16 10:00:00 PM,14.409,14.194,14.098,13.93
07/02/16 10:15:00 PM,14.409,14.218,14.098,13.93
07/02/16 10:30:00 PM,14.409,14.218,14.098,13.93
07/02/16 10:45:00 PM,14.385,14.218,14.122,13.93
07/02/16 11:00:00 PM,14.385,14.218,14.122,13.93
07/02/16 11:15:00 PM,14.385,14.218,14.122,13.954
07/02/16 11:30:00 PM,14.361,14.218,14.122,13.954
07/02/16 11:45:00 PM,14.361,14.218,14.122,13.954
07/03/16 12:00:00 AM,14.337,14.218,14.122,13.954
07/03/16 12:15:00 AM,14.337,14.218,14.122,13.93
07/03/16 12:30:00 AM,14.314,14.218,14.122,13.954
07/03/16 12:45:00 AM,14.29,14.218,14.122,13.954
07/03/16 01:00:00 AM,14.266,14.218,14.122,13.954
07/03/16 01:15:00 AM,14.242,14.218,14.122,13.954
07/03/16 01:30:00 AM,14.242,14.218,14.122,13.954
07/03/16 01:45:00 AM,14.218,14.194,14.122,13.954
07/03/16 02:00:00 AM,14.194,14.194,14.122,13.954
07/03/16 02:15:00 AM,14.17,14.194,14.122,13.954
07/03/16 02:30:00 AM,14.146,14.194,14.122,13.954
07/03/16 02:45:00 AM,14.122,14.17,14.122,13.954
07/03/16 03:00:00 AM,14.098,14.17,14.122,13.954
07/03/16 03:15:00 AM,14.074,14.146,14.122,13.954
07/03/16 03:30:00 AM,14.074,14.146,14.122,13.954
07/03/16 03:45:00 AM,14.05,14.146,14.098,13.954
07/03/16 04:00:00 AM,14.026,14.122,14.098,13.954
07/03/16 04:15:00 AM,14.002,14.122,14.098,13.954
07/03/16 04:30:00 AM,13.978,14.098,14.098,13.954
07/03/16 04:45:00 AM,13.954,14.098,14.098,13.93
07/03/16 05:00:00 AM,13.93,14.074,14.098,13.93
07/03/16 05:15:00 AM,13.93,14.074,14.074,13.954
07/03/16 05:30:00 AM,13.906,14.05,14.074,13.93
07/03/16 05:45:00 AM,13.882,14.05,14.074,13.93
07/03/16 06:00:00 AM,13.858,14.026,14.05,13.93
07/03/16 06:15:00 AM,13.834,14.026,14.05,13.93
07/03/16 06:30:00 AM,13.834,14.002,14.05,13.93
07/03/16 06:45:00 AM,13.81,14.002,14.05,13.93
07/03/16 07:00:00 AM,13.786,13.978,14.026,13.93
07/03/16 07:15:00 AM,13.762,13.978,14.026,13.906
07/03/16 07:30:00 AM,13.762,13.954,14.026,13.906
07/03/16 07:45:00 AM,13.738,13.954,14.002,13.906
07/03/16 08:00:00 AM,13.714,13.93,14.002,13.906
07/03/16 08:15:00 AM,13.714,13.93,14.002,13.906
07/03/16 08:30:00 AM,13.69,13.93,14.002,13.906
07/03/16 08:45:00 AM,13.69,13.906,13.978,13.906
07/03/16 09:00:00 AM,13.666,13.906,13.978,13.906
07/03/16 09:15:00 AM,13.666,13.882,13.978,13.882
07/03/16 09:30:00 AM,13.666,13.882,13.954,13.882
07/03/16 09:45:00 AM,13.642,13.858,13.954,13.882
07/03/16 10:00:00 AM,13.642,13.858,13.954,13.858
07/03/16 10:15:00 AM,13.642,13.834,13.93,13.858
07/03/16 10:30:00 AM,13.642,13.834,13.93,13.858
07/03/16 10:45:00 AM,13.642,13.834,13.93,13.858
07/03/16 11:00:00 AM,13.642,13.81,13.906,13.858
07/03/16 11:15:00 AM,13.642,13.81,13.906,13.858
07/03/16 11:30:00 AM,13.642,13.81,13.906,13.834
07/03/16 11:45:00 AM,13.642,13.786,13.906,13.834
07/03/16 12:00:00 PM,13.642,13.786,13.906,13.834
07/03/16 12:15:00 PM,13.642,13.786,13.882,13.834
07/03/16 12:30:00 PM,13.666,13.786,13.882,13.834
07/03/16 12:45:00 PM,13.666,13.786,13.882,13.834
07/03/16 01:00:00 PM,13.69,13.762,13.882,13.81
07/03/16 01:15:00 PM,13.69,13.786,13.858,13.81
07/03/16 01:30:00 PM,13.714,13.786,13.858,13.81
07/03/16 01:45:00 PM,13.714,13.762,13.858,13.81
07/03/16 02:00:00 PM,13.738,13.762,13.858,13.786
07/03/16 02:15:00 PM,13.738,13.786,13.858,13.786
07/03/16 02:30:00 PM,13.762,13.786,13.834,13.786
07/03/16 02:45:00 PM,13.762,13.762,13.834,13.786
07/03/16 03:00:00 PM,13.786,13.786,13.834,13.786
07/03/16 03:15:00 PM,13.81,13.786,13.834,13.762
07/03/16 03:30:00 PM,13.81,13.786,13.834,13.762
07/03/16 03:45:00 PM,13.834,13.786,13.834,13.762
07/03/16 04:00:00 PM,13.834,13.786,13.834,13.762
07/03/16 04:15:00 PM,13.858,13.81,13.834,13.762
07/03/16 04:30:00 PM,13.882,13.81,13.834,13.762
07/03/16 04:45:00 PM,13.906,13.81,13.834,13.762
07/03/16 05:00:00 PM,13.93,13.81,13.834,13.762
07/03/16 05:15:00 PM,13.954,13.81,13.834,13.762
07/03/16 05:30:00 PM,13.954,13.834,13.834,13.762
07/03/16 05:45:00 PM,13.978,13.834,13.834,13.762
07/03/16 06:00:00 PM,14.002,13.834,13.834,13.738
07/03/16 06:15:00 PM,14.002,13.834,13.834,13.738
07/03/16 06:30:00 PM,14.026,13.858,13.834,13.738
07/03/16 06:45:00 PM,14.05,13.858,13.834,13.762
07/03/16 07:00:00 PM,14.05,13.882,13.858,13.738
07/03/16 07:15:00 PM,14.074,13.882,13.834,13.738
07/03/16 07:30:00 PM,14.074,13.882,13.858,13.738
07/03/16 07:45:00 PM,14.074,13.906,13.858,13.738
07/03/16 08:00:00 PM,14.098,13.906,13.858,13.738
07/03/16 08:15:00 PM,14.098,13.906,13.858,13.738
07/03/16 08:30:00 PM,14.098,13.93,13.858,13.738
07/03/16 08:45:00 PM,14.122,13.93,13.858,13.738
07/03/16 09:00:00 PM,14.122,13.93,13.882,13.738
07/03/16 09:15:00 PM,14.122,13.93,13.882,13.738
07/03/16 09:30:00 PM,14.122,13.954,13.882,13.738
07/03/16 09:45:00 PM,14.122,13.954,13.882,13.738
07/03/16 10:00:00 PM,14.146,13.954,13.882,13.738
07/03/16 10:15:00 PM,14.146,13.954,13.882,13.738
07/03/16 10:30:00 PM,14.146,13.954,13.882,13.738
07/03/16 10:45:00 PM,14.146,13.978,13.882,13.762
07/03/16 11:00:00 PM,14.146,13.978,13.906,13.738
07/03/16 11:15:00 PM,14.146,13.978,13.906,13.738
07/03/16 11:30:00 PM,14.146,13.978,13.906,13.762
07/03/16 11:45:00 PM,14.146,13.978,13.906,13.762
07/04/16 12:00:00 AM,14.146,14.002,13.906,13.738
07/04/16 12:15:00 AM,14.122,13.978,13.906,13.762
07/04/16 12:30:00 AM,14.122,14.002,13.906,13.762
07/04/16 12:45:00 AM,14.122,14.002,13.906,13.762
07/04/16 01:00:00 AM,14.122,14.002,13.906,13.762
07/04/16 01:15:00 AM,14.122,14.002,13.906,13.762
07/04/16 01:30:00 AM,14.098,14.002,13.906,13.762
07/04/16 01:45:00 AM,14.098,14.002,13.906,13.762
07/04/16 02:00:00 AM,14.098,14.002,13.93,13.762
07/04/16 02:15:00 AM,14.098,14.002,13.93,13.762
07/04/16 02:30:00 AM,14.098,14.002,13.93,13.762
07/04/16 02:45:00 AM,14.074,14.002,13.93,13.762
07/04/16 03:00:00 AM,14.074,14.002,13.93,13.762
07/04/16 03:15:00 AM,14.074,13.978,13.93,13.762
07/04/16 03:30:00 AM,14.074,13.978,13.93,13.762
07/04/16 03:45:00 AM,14.05,13.978,13.93,13.762
07/04/16 04:00:00 AM,14.05,13.978,13.93,13.762
07/04/16 04:15:00 AM,14.05,13.978,13.93,13.762
07/04/16 04:30:00 AM,14.05,13.978,13.906,13.762
07/04/16 04:45:00 AM,14.026,13.978,13.93,13.762
07/04/16 05:00:00 AM,14.026,13.978,13.93,13.762
07/04/16 05:15:00 AM,14.026,13.978,13.93,13.762
07/04/16 05:30:00 AM,14.002,13.954,13.906,13.762
07/04/16 05:45:00 AM,14.002,13.978,13.906,13.762
07/04/16 06:00:00 AM,14.002,13.954,13.906,13.762
07/04/16 06:15:00 AM,14.002,13.954,13.906,13.762
07/04/16 06:30:00 AM,13.978,13.954,13.906,13.762
07/04/16 06:45:00 AM,13.978,13.954,13.906,13.762
07/04/16 07:00:00 AM,13.978,13.954,13.906,13.762
07/04/16 07:15:00 AM,13.954,13.93,13.906,13.762
07/04/16 07:30:00 AM,13.954,13.954,13.906,13.762
07/04/16 07:45:00 AM,13.954,13.93,13.906,13.762
07/04/16 08:00:00 AM,13.954,13.93,13.906,13.762
07/04/16 08:15:00 AM,13.954,13.93,13.906,13.762
07/04/16 08:30:00 AM,13.93,13.93,13.906,13.762
07/04/16 08:45:00 AM,13.93,13.93,13.906,13.762
07/04/16 09:00:00 AM,13.93,13.93,13.906,13.762
07/04/16 09:15:00 AM,13.93,13.906,13.906,13.762
07/04/16 09:30:00 AM,13.93,13.906,13.906,13.762
07/04/16 09:45:00 AM,13.954,13.906,13.906,13.762
07/04/16 10:00:00 AM,13.954,13.906,13.882,13.762
07/04/16 10:15:00 AM,13.954,13.906,13.882,13.762
07/04/16 10:30:00 AM,13.954,13.906,13.882,13.762
07/04/16 10:45:00 AM,13.954,13.906,13.882,13.738
07/04/16 11:00:00 AM,13.978,13.906,13.882,13.762
07/04/16 11:15:00 AM,13.978,13.906,13.882,13.762
07/04/16 11:30:00 AM,14.002,13.906,13.882,13.738
07/04/16 11:45:00 AM,14.002,13.906,13.882,13.738
07/04/16 12:00:00 PM,14.026,13.906,13.882,13.738
07/04/16 12:15:00 PM,14.026,13.906,13.882,13.738
07/04/16 12:30:00 PM,14.05,13.906,13.882,13.738
07/04/16 12:45:00 PM,14.074,13.93,13.882,13.738
07/04/16 01:00:00 PM,14.098,13.93,13.882,13.738
07/04/16 01:15:00 PM,14.146,13.93,13.882,13.738
07/04/16 01:30:00 PM,14.17,13.93,13.882,13.738
07/04/16 01:45:00 PM,14.194,13.954,13.882,13.738
07/04/16 02:00:00 PM,14.242,13.954,13.882,13.738
07/04/16 02:15:00 PM,14.266,13.954,13.882,13.738
07/04/16 02:30:00 PM,14.29,13.978,13.882,13.738
07/04/16 02:45:00 PM,14.337,13.978,13.882,13.738
07/04/16 03:00:00 PM,14.361,14.002,13.882,13.738
07/04/16 03:15:00 PM,14.385,14.026,13.906,13.738
07/04/16 03:30:00 PM,14.433,14.026,13.906,13.738
07/04/16 03:45:00 PM,14.457,14.05,13.906,13.738
07/04/16 04:00:00 PM,14.481,14.05,13.906,13.738
07/04/16 04:15:00 PM,14.505,14.074,13.93,13.738
07/04/16 04:30:00 PM,14.529,14.098,13.93,13.738
07/04/16 04:45:00 PM,14.577,14.098,13.93,13.738
07/04/16 05:00:00 PM,14.601,14.122,13.93,13.762
07/04/16 05:15:00 PM,14.625,14.146,13.954,13.762
07/04/16 05:30:00 PM,14.649,14.146,13.954,13.762
07/04/16 05:45:00 PM,14.673,14.17,13.978,13.762
07/04/16 06:00:00 PM,14.697,14.194,13.978,13.762
07/04/16 06:15:00 PM,14.745,14.218,13.978,13.762
07/04/16 06:30:00 PM,14.768,14.218,14.002,13.762
07/04/16 06:45:00 PM,14.792,14.242,14.002,13.786
07/04/16 07:00:00 PM,14.816,14.266,14.002,13.786
07/04/16 07:15:00 PM,14.84,14.29,14.026,13.786
07/04/16 07:30:00 PM,14.864,14.29,14.026,13.786
07/04/16 07:45:00 PM,14.864,14.314,14.05,13.786
07/04/16 08:00:00 PM,14.888,14.337,14.05,13.786
07/04/16 08:15:00 PM,14.912,14.337,14.074,13.81
07/04/16 08:30:00 PM,14.936,14.361,14.074,13.81
07/04/16 08:45:00 PM,14.936,14.385,14.074,13.81
07/04/16 09:00:00 PM,14.96,14.385,14.098,13.81
07/04/16 09:15:00 PM,14.96,14.409,14.098,13.81
07/04/16 09:30:00 PM,14.96,14.409,14.122,13.834
07/04/16 09:45:00 PM,14.96,14.433,14.122,13.834
07/04/16 10:00:00 PM,14.96,14.433,14.146,13.834
07/04/16 10:15:00 PM,14.96,14.457,14.146,13.834
07/04/16 10:30:00 PM,14.96,14.457,14.146,13.858
07/04/16 10:45:00 PM,14.96,14.481,14.17,13.858
07/04/16 11:00:00 PM,14.936,14.481,14.17,13.858
07/04/16 11:15:00 PM,14.936,14.481,14.17,13.882
07/04/16 11:30:00 PM,14.912,14.481,14.194,13.882
07/04/16 11:45:00 PM,14.912,14.505,14.194,13.882
07/05/16 12:00:00 AM,14.888,14.505,14.194,13.882
07/05/16 12:15:00 AM,14.864,14.505,14.218,13.882
07/05/16 12:30:00 AM,14.864,14.505,14.218,13.906
07/05/16 12:45:00 AM,14.84,14.505,14.218,13.906
07/05/16 01:00:00 AM,14.816,14.505,14.218,13.906
07/05/16 01:15:00 AM,14.792,14.505,14.218,13.906
07/05/16 01:30:00 AM,14.768,14.505,14.242,13.906
07/05/16 01:45:00 AM,14.745,14.505,14.242,13.93
07/05/16 02:00:00 AM,14.721,14.505,14.242,13.93
07/05/16 02:15:00 AM,14.673,14.481,14.242,13.93
07/05/16 02:30:00 AM,14.649,14.481,14.242,13.93
07/05/16 02:45:00 AM,14.625,14.481,14.242,13.93
07/05/16 03:00:00 AM,14.601,14.457,14.242,13.93
07/05/16 03:15:00 AM,14.553,14.457,14.242,13.954
07/05/16 03:30:00 AM,14.529,14.433,14.242,13.954
07/05/16 03:45:00 AM,14.481,14.433,14.242,13.954
07/05/16 04:00:00 AM,14.457,14.409,14.242,13.954
07/05/16 04:15:00 AM,14.433,14.409,14.242,13.954
07/05/16 04:30:00 AM,14.409,14.385,14.242,13.954
07/05/16 04:45:00 AM,14.385,14.385,14.242,13.954
07/05/16 05:00:00 AM,14.337,14.361,14.242,13.954
07/05/16 05:15:00 AM,14.314,14.361,14.218,13.954
07/05/16 05:30:00 AM,14.314,14.337,14.218,13.954
07/05/16 05:45:00 AM,14.266,14.337,14.218,13.954
07/05/16 06:00:00 AM,14.242,14.314,14.218,13.978
07/05/16 06:15:00 AM,14.218,14.29,14.194,13.954
07/05/16 06:30:00 AM,14.194,14.29,14.194,13.954
07/05/16 06:45:00 AM,14.17,14.266,14.194,13.954
07/05/16 07:00:00 AM,14.146,14.242,14.194,13.954
07/05/16 07:15:00 AM,14.146,14.242,14.17,13.954
07/05/16 07:30:00 AM,14.122,14.218,14.17,13.954
07/05/16 07:45:00 AM,14.098,14.194,14.17,13.954
07/05/16 08:00:00 AM,14.074,14.194,14.17,13.954
07/05/16 08:15:00 AM,14.074,14.194,14.146,13.954
07/05/16 08:30:00 AM,14.05,14.17,14.146,13.954
07/05/16 08:45:00 AM,14.05,14.146,14.146,13.954
07/05/16 09:00:00 AM,14.026,14.146,14.122,13.954
07/05/16 09:15:00 AM,14.026,14.146,14.122,13.93
07/05/16 09:30:00 AM,14.026,14.122,14.122,13.93
07/05/16 09:45:00 AM,14.026,14.098,14.122,13.93
07/05/16 10:00:00 AM,14.026,14.098,14.098,13.93
07/05/16 10:15:00 AM,14.002,14.098,14.098,13.93
07/05/16 10:30:00 AM,14.002,14.074,14.074,13.93
07/05/16 10:45:00 AM,14.026,14.074,14.074,13.93
07/05/16 11:00:00 AM,14.026,14.074,14.074,13.906
07/05/16 11:15:00 AM,14.05,14.074,14.074,13.906
07/05/16 11:30:00 AM,14.05,14.05,14.05,13.906
07/05/16 11:45:00 AM,14.05,14.05,14.05,13.906
07/05/16 12:00:00 PM,14.074,14.05,14.05,13.906
07/05/16 12:15:00 PM,14.098,14.05,14.05,13.906
07/05/16 12:30:00 PM,14.122,14.05,14.05,13.906
07/05/16 12:45:00 PM,14.146,14.05,14.026,13.906
07/05/16 01:00:00 PM,14.146,14.05,14.026,13.882
07/05/16 01:15:00 PM,14.17,14.05,14.026,13.882
07/05/16 01:30:00 PM,14.194,14.05,14.026,13.882
07/05/16 01:45:00 PM,14.218,14.05,14.026,13.882
07/05/16 02:00:00 PM,14.242,14.074,14.026,13.882
07/05/16 02:15:00 PM,14.29,14.074,14.026,13.882
07/05/16 02:30:00 PM,14.314,14.074,14.026,13.882
07/05/16 02:45:00 PM,14.337,14.098,14.026,13.882
07/05/16 03:00:00 PM,14.361,14.098,14.026,13.882
07/05/16 03:15:00 PM,14.385,14.122,14.026,13.882
07/05/16 03:30:00 PM,14.409,14.122,14.026,13.882
07/05/16 03:45:00 PM,14.433,14.122,14.026,13.882
07/05/16 04:00:00 PM,14.481,14.146,14.05,13.858
07/05/16 04:15:00 PM,14.505,14.146,14.05,13.882
07/05/16 04:30:00 PM,14.529,14.17,14.05,13.858
07/05/16 04:45:00 PM,14.577,14.17,14.05,13.882
07/05/16 05:00:00 PM,14.601,14.194,14.05,13.858
07/05/16 05:15:00 PM,14.625,14.194,14.05,13.882
07/05/16 05:30:00 PM,14.649,14.218,14.074,13.882
07/05/16 05:45:00 PM,14.697,14.242,14.074,13.882
07/05/16 06:00:00 PM,14.721,14.266,14.074,13.882
07/05/16 06:15:00 PM,14.745,14.266,14.074,13.882
07/05/16 06:30:00 PM,14.768,14.29,14.098,13.882
07/05/16 06:45:00 PM,14.816,14.29,14.098,13.882
07/05/16 07:00:00 PM,14.84,14.314,14.098,13.882
07/05/16 07:15:00 PM,14.864,14.337,14.122,13.882
07/05/16 07:30:00 PM,14.888,14.361,14.122,13.882
07/05/16 07:45:00 PM,14.912,14.385,14.122,13.882
07/05/16 08:00:00 PM,14.912,14.385,14.146,13.906
07/05/16 08:15:00 PM,14.936,14.409,14.146,13.906
07/05/16 08:30:00 PM,14.96,14.433,14.17,13.906
07/05/16 08:45:00 PM,14.96,14.433,14.17,13.906
07/05/16 09:00:00 PM,14.96,14.457,14.17,13.906
07/05/16 09:15:00 PM,14.96,14.457,14.194,13.906
07/05/16 09:30:00 PM,14.96,14.481,14.194,13.906
07/05/16 09:45:00 PM,14.96,14.481,14.194,13.93
07/05/16 10:00:00 PM,14.96,14.505,14.218,13.93
07/05/16 10:15:00 PM,14.936,14.505,14.218,13.93
07/05/16 10:30:00 PM,14.936,14.505,14.242,13.93
07/05/16 10:45:00 PM,14.912,14.529,14.242,13.93
07/05/16 11:00:00 PM,14.888,14.529,14.242,13.954
07/05/16 11:15:00 PM,14.864,14.529,14.242,13.954
07/05/16 11:30:00 PM,14.864,14.529,14.266,13.954
07/05/16 11:45:00 PM,14.816,14.529,14.266,13.954
07/06/16 12:00:00 AM,14.792,14.529,14.266,13.978
07/06/16 12:15:00 AM,14.768,14.529,14.266,13.954
07/06/16 12:30:00 AM,14.745,14.505,14.266,13.978
07/06/16 12:45:00 AM,14.697,14.505,14.29,13.978
07/06/16 01:00:00 AM,14.673,14.505,14.29,13.978
07/06/16 01:15:00 AM,14.625,14.505,14.29,13.978
07/06/16 01:30:00 AM,14.577,14.481,14.29,14.002
07/06/16 01:45:00 AM,14.553,14.481,14.29,14.002
07/06/16 02:00:00 AM,14.505,14.481,14.29,14.002
07/06/16 02:15:00 AM,14.457,14.457,14.29,14.002
07/06/16 02:30:00 AM,14.433,14.433,14.29,14.002
07/06/16 02:45:00 AM,14.385,14.433,14.29,14.002
07/06/16 03:00:00 AM,14.314,14.409,14.266,14.002
07/06/16 03:15:00 AM,14.266,14.385,14.266,14.002
07/06/16 03:30:00 AM,14.218,14.361,14.266,14.002
07/06/16 03:45:00 AM,14.17,14.361,14.266,14.002
07/06/16 04:00:00 AM,14.122,14.337,14.242,14.002
07/06/16 04:15:00 AM,14.074,14.314,14.242,14.002
07/06/16 04:30:00 AM,14.026,14.29,14.242,14.002
07/06/16 04:45:00 AM,13.978,14.266,14.218,14.002
07/06/16 05:00:00 AM,13.93,14.242,14.218,14.002
07/06/16 05:15:00 AM,13.882,14.218,14.194,14.002
07/06/16 05:30:00 AM,13.81,14.194,14.194,14.002
07/06/16 05:45:00 AM,13.762,14.146,14.194,14.002
07/06/16 06:00:00 AM,13.714,14.122,14.17,14.002
07/06/16 06:15:00 AM,13.69,14.098,14.17,14.002
07/06/16 06:30:00 AM,13.642,14.074,14.146,13.978
07/06/16 06:45:00 AM,13.594,14.074,14.146,13.978
07/06/16 07:00:00 AM,13.546,14.026,14.122,13.978
07/06/16 07:15:00 AM,13.522,14.002,14.098,13.978
07/06/16 07:30:00 AM,13.473,13.978,14.098,13.978
07/06/16 07:45:00 AM,13.449,13.93,14.074,13.954
07/06/16 08:00:00 AM,13.425,13.93,14.074,13.954
07/06/16 08:15:00 AM,13.401,13.906,14.05,13.954
07/06/16 08:30:00 AM,13.377,13.858,14.026,13.93
07/06/16 08:45:00 AM,13.353,13.858,14.026,13.93
07/06/16 09:00:00 AM,13.353,13.81,14.002,13.93
07/06/16 09:15:00 AM,13.353,13.81,13.978,13.93
07/06/16 09:30:00 AM,13.329,13.786,13.978,13.906
07/06/16 09:45:00 AM,13.329,13.762,13.954,13.906
07/06/16 10:00:00 AM,13.329,13.738,13.954,13.906
07/06/16 10:15:00 AM,13.329,13.738,13.93,13.882
07/06/16 10:30:00 AM,13.329,13.714,13.906,13.882
07/06/16 10:45:00 AM,13.329,13.69,13.906,13.882
07/06/16 11:00:00 AM,13.329,13.69,13.882,13.858
07/06/16 11:15:00 AM,13.353,13.69,13.882,13.858
07/06/16 11:30:00 AM,13.353,13.666,13.882,13.858
07/06/16 11:45:00 AM,13.377,13.666,13.858,13.834
07/06/16 12:00:00 PM,13.401,13.642,13.834,13.834
07/06/16 12:15:00 PM,13.425,13.642,13.834,13.81
07/06/16 12:30:00 PM,13.449,13.642,13.834,13.81
07/06/16 12:45:00 PM,13.449,13.642,13.81,13.81
07/06/16 01:00:00 PM,13.497,13.642,13.81,13.81
07/06/16 01:15:00 PM,13.497,13.642,13.786,13.786
07/06/16 01:30:00 PM,13.522,13.642,13.786,13.786
07/06/16 01:45:00 PM,13.57,13.642,13.786,13.786
07/06/16 02:00:00 PM,13.594,13.642,13.786,13.762
07/06/16 02:15:00 PM,13.618,13.642,13.786,13.762
07/06/16 02:30:00 PM,13.666,13.642,13.762,13.762
07/06/16 02:45:00 PM,13.69,13.666,13.762,13.762
07/06/16 03:00:00 PM,13.714,13.666,13.762,13.762
07/06/16 03:15:00 PM,13.762,13.666,13.762,13.738
07/06/16 03:30:00 PM,13.786,13.69,13.762,13.738
07/06/16 03:45:00 PM,13.834,13.69,13.762,13.738
07/06/16 04:00:00 PM,13.858,13.714,13.762,13.714
07/06/16 04:15:00 PM,13.906,13.714,13.762,13.714
07/06/16 04:30:00 PM,13.954,13.738,13.762,13.714
07/06/16 04:45:00 PM,13.978,13.762,13.762,13.714
07/06/16 05:00:00 PM,14.026,13.762,13.762,13.714
07/06/16 05:15:00 PM,14.05,13.786,13.786,13.714
07/06/16 05:30:00 PM,14.098,13.81,13.786,13.714
07/06/16 05:45:00 PM,14.146,13.81,13.786,13.714
07/06/16 06:00:00 PM,14.194,13.834,13.786,13.714
07/06/16 06:15:00 PM,14.218,13.858,13.786,13.714
07/06/16 06:30:00 PM,14.266,13.882,13.786,13.714
07/06/16 06:45:00 PM,14.314,13.906,13.81,13.714
07/06/16 07:00:00 PM,14.361,13.906,13.81,13.714
07/06/16 07:15:00 PM,14.385,13.93,13.834,13.714
07/06/16 07:30:00 PM,14.433,13.954,13.834,13.714
07/06/16 07:45:00 PM,14.481,13.978,13.834,13.714
07/06/16 08:00:00 PM,14.505,14.002,13.858,13.714
07/06/16 08:15:00 PM,14.553,14.002,13.858,13.714
07/06/16 08:30:00 PM,14.577,14.05,13.858,13.714
07/06/16 08:45:00 PM,14.601,14.074,13.882,13.714
07/06/16 09:00:00 PM,14.649,14.074,13.906,13.714
07/06/16 09:15:00 PM,14.673,14.098,13.906,13.714
07/06/16 09:30:00 PM,14.673,14.122,13.906,13.714
07/06/16 09:45:00 PM,14.673,14.146,13.93,13.738
07/06/16 10:00:00 PM,14.697,14.17,13.93,13.738
07/06/16 10:15:00 PM,14.697,14.194,13.954,13.738
07/06/16 10:30:00 PM,14.721,14.194,13.954,13.738
07/06/16 10:45:00 PM,14.721,14.218,13.978,13.762
07/06/16 11:00:00 PM,14.697,14.242,13.978,13.762
07/06/16 11:15:00 PM,14.697,14.242,14.002,13.762
07/06/16 11:30:00 PM,14.697,14.266,14.002,13.762
07/06/16 11:45:00 PM,14.673,14.266,14.026,13.762
07/07/16 12:00:00 AM,14.673,14.266,14.026,13.786
07/07/16 12:15:00 AM,14.649,14.29,14.026,13.786
07/07/16 12:30:00 AM,14.649,14.29,14.05,13.786
07/07/16 12:45:00 AM,14.625,14.29,14.05,13.786
07/07/16 01:00:00 AM,14.601,14.29,14.05,13.81
07/07/16 01:15:00 AM,14.577,14.29,14.05,13.81
07/07/16 01:30:00 AM,14.553,14.29,14.074,13.81
07/07/16 01:45:00 AM,14.529,14.29,14.074,13.81
07/07/16 02:00:00 AM,14.481,14.29,14.074,13.81
07/07/16 02:15:00 AM,14.457,14.29,14.098,13.834
07/07/16 02:30:00 AM,14.409,14.29,14.098,13.834
07/07/16 02:45:00 AM,14.385,14.266,14.098,13.834
07/07/16 03:00:00 AM,14.337,14.266,14.098,13.834
07/07/16 03:15:00 AM,14.314,14.242,14.098,13.834
07/07/16 03:30:00 AM,14.266,14.242,14.098,13.834
07/07/16 03:45:00 AM,14.242,14.242,14.098,13.858
07/07/16 04:00:00 AM,14.194,14.218,14.098,13.858
07/07/16 04:15:00 AM,14.146,14.218,14.098,13.858
07/07/16 04:30:00 AM,14.098,14.194,14.074,13.858
07/07/16 04:45:00 AM,14.05,14.17,14.098,13.858
07/07/16 05:00:00 AM,14.002,14.17,14.074,13.858
07/07/16 05:15:00 AM,13.954,14.146,14.074,13.858
07/07/16 05:30:00 AM,13.93,14.122,14.074,13.858
07/07/16 05:45:00 AM,13.882,14.098,14.074,13.858
07/07/16 06:00:00 AM,13.834,14.074,14.05,13.858
07/07/16 06:15:00 AM,13.81,14.074,14.05,13.858
07/07/16 06:30:00 AM,13.762,14.05,14.026,13.858
07/07/16 06:45:00 AM,13.738,14.026,14.026,13.858
07/07/16 07:00:00 AM,13.69,14.002,14.026,13.858
07/07/16 07:15:00 AM,13.642,13.978,14.002,13.858
07/07/16 07:30:00 AM,13.618,13.954,14.002,13.858
07/07/16 07:45:00 AM,13.594,13.93,13.978,13.834
07/07/16 08:00:00 AM,13.57,13.906,13.978,13.834
07/07/16 08:15:00 AM,13.546,13.882,13.978,13.834
07/07/16 08:30:00 AM,13.522,13.858,13.954,13.834
07/07/16 08:45:00 AM,13.522,13.858,13.93,13.834
07/07/16 09:00:00 AM,13.497,13.834,13.93,13.834
07/07/16 09:15:00 AM,13.497,13.81,13.93,13.834
07/07/16 09:30:00 AM,13.497,13.81,13.906,13.81
07/07/16 09:45:00 AM,13.497,13.786,13.906,13.81
07/07/16 10:00:00 AM,13.497,13.762,13.906,13.81
07/07/16 10:15:00 AM,13.522,13.762,13.882,13.81
07/07/16 10:30:00 AM,13.522,13.738,13.882,13.786
07/07/16 10:45:00 AM,13.522,13.738,13.858,13.786
07/07/16 11:00:00 AM,13.546,13.714,13.858,13.786
07/07/16 11:15:00 AM,13.57,13.714,13.834,13.786
07/07/16 11:30:00 AM,13.594,13.714,13.834,13.762
07/07/16 11:45:00 AM,13.594,13.714,13.834,13.762
07/07/16 12:00:00 PM,13.642,13.714,13.81,13.762
07/07/16 12:15:00 PM,13.666,13.714,13.81,13.762
07/07/16 12:30:00 PM,13.69,13.714,13.81,13.738
07/07/16 12:45:00 PM,13.714,13.714,13.81,13.738
07/07/16 01:00:00 PM,13.762,13.714,13.786,13.738
07/07/16 01:15:00 PM,13.786,13.714,13.786,13.738
07/07/16 01:30:00 PM,13.834,13.738,13.786,13.714
07/07/16 01:45:00 PM,13.858,13.738,13.786,13.714
07/07/16 02:00:00 PM,13.906,13.738,13.786,13.714
07/07/16 02:15:00 PM,13.954,13.762,13.786,13.714
07/07/16 02:30:00 PM,14.002,13.762,13.786,13.714
07/07/16 02:45:00 PM,14.05,13.786,13.786,13.714
07/07/16 03:00:00 PM,14.098,13.81,13.786,13.714
07/07/16 03:15:00 PM,14.146,13.81,13.786,13.714
07/07/16 03:30:00 PM,14.194,13.834,13.786,13.714
07/07/16 03:45:00 PM,14.242,13.858,13.786,13.69
07/07/16 04:00:00 PM,14.29,13.882,13.81,13.69
07/07/16 04:15:00 PM,14.337,13.906,13.81,13.69
07/07/16 04:30:00 PM,14.409,13.906,13.81,13.69
07/07/16 04:45:00 PM,14.457,13.93,13.81,13.69
07/07/16 05:00:00 PM,14.505,13.954,13.834,13.714
07/07/16 05:15:00 PM,14.553,13.978,13.834,13.69
07/07/16 05:30:00 PM,14.625,14.026,13.858,13.714
07/07/16 05:45:00 PM,14.673,14.05,13.858,13.714
07/07/16 06:00:00 PM,14.745,14.05,13.882,13.714
07/07/16 06:15:00 PM,14.792,14.098,13.882,13.714
07/07/16 06:30:00 PM,14.864,14.122,13.906,13.714
07/07/16 06:45:00 PM,14.912,14.146,13.906,13.714
07/07/16 07:00:00 PM,14.96,14.194,13.93,13.714
07/07/16 07:15:00 PM,15.008,14.218,13.93,13.714
07/07/16 07:30:00 PM,15.055,14.242,13.954,13.714
07/07/16 07:45:00 PM,15.127,14.29,13.978,13.738
07/07/16 08:00:00 PM,15.151,14.314,13.978,13.738
07/07/16 08:15:00 PM,15.199,14.337,14.002,13.738
07/07/16 08:30:00 PM,15.247,14.385,14.026,13.762
07/07/16 08:45:00 PM,15.294,14.409,14.026,13.762
07/07/16 09:00:00 PM,15.318,14.433,14.05,13.762
07/07/16 09:15:00 PM,15.366,14.481,14.074,13.762
07/07/16 09:30:00 PM,15.366,14.505,14.098,13.786
07/07/16 09:45:00 PM,15.39,14.529,14.098,13.786
07/07/16 10:00:00 PM,15.414,14.553,14.122,13.81
07/07/16 10:15:00 PM,15.438,14.577,14.146,13.81
07/07/16 10:30:00 PM,15.438,14.601,14.146,13.834
07/07/16 10:45:00 PM,15.438,14.625,14.17,13.834
07/07/16 11:00:00 PM,15.438,14.649,14.194,13.834
07/07/16 11:15:00 PM,15.438,14.673,14.218,13.834
07/07/16 11:30:00 PM,15.438,14.673,14.242,13.858
07/07/16 11:45:00 PM,15.414,14.697,14.242,13.882
07/08/16 12:00:00 AM,15.39,14.697,14.266,13.882
07/08/16 12:15:00 AM,15.39,14.721,14.266,13.882
07/08/16 12:30:00 AM,15.366,14.721,14.29,13.906
07/08/16 12:45:00 AM,15.342,14.745,14.314,13.906
07/08/16 01:00:00 AM,15.318,14.745,14.314,13.906
07/08/16 01:15:00 AM,15.294,14.745,14.337,13.93
07/08/16 01:30:00 AM,15.27,14.745,14.337,13.93
07/08/16 01:45:00 AM,15.247,14.745,14.361,13.954
07/08/16 02:00:00 AM,15.199,14.768,14.361,13.954
07/08/16 02:15:00 AM,15.175,14.745,14.361,13.954
07/08/16 02:30:00 AM,15.151,14.745,14.361,13.978
07/08/16 02:45:00 AM,15.103,14.745,14.385,13.978
07/08/16 03:00:00 AM,15.079,14.745,14.385,13.978
07/08/16 03:15:00 AM,15.031,14.745,14.385,14.002
07/08/16 03:30:00 AM,15.008,14.721,14.385,14.002
07/08/16 03:45:00 AM,14.96,14.721,14.385,14.002
07/08/16 04:00:00 AM,14.912,14.697,14.409,14.002
07/08/16 04:15:00 AM,14.864,14.697,14.409,14.026
07/08/16 04:30:00 AM,14.84,14.697,14.409,14.026
07/08/16 04:45:00 AM,14.792,14.673,14.409,14.026
07/08/16 05:00:00 AM,14.745,14.673,14.409,14.026
07/08/16 05:15:00 AM,14.697,14.649,14.409,14.026
07/08/16 05:30:00 AM,14.673,14.625,14.385,14.05
07/08/16 05:45:00 AM,14.625,14.625,14.385,14.05
07/08/16 06:00:00 AM,14.577,14.601,14.385,14.05
07/08/16 06:15:00 AM,14.529,14.577,14.385,14.05
07/08/16 06:30:00 AM,14.505,14.553,14.385,14.05
07/08/16 06:45:00 AM,14.457,14.529,14.385,14.05
07/08/16 07:00:00 AM,14.409,14.505,14.361,14.05
07/08/16 07:15:00 AM,14.385,14.505,14.361,14.05
07/08/16 07:30:00 AM,14.337,14.481,14.361,14.05
07/08/16 07:45:00 AM,14.314,14.457,14.337,14.05
07/08/16 08:00:00 AM,14.29,14.433,14.337,14.05
07/08/16 08:15:00 AM,14.266,14.409,14.337,14.05
07/08/16 08:30:00 AM,14.242,14.385,14.314,14.05
07/08/16 08:45:00 AM,14.218,14.361,14.314,14.05
07/08/16 09:00:00 AM,14.194,14.361,14.29,14.05
07/08/16 09:15:00 AM,14.194,14.337,14.29,14.05
07/08/16 09:30:00 AM,14.194,14.314,14.266,14.05
07/08/16 09:45:00 AM,14.17,14.29,14.266,14.05
07/08/16 10:00:00 AM,14.194,14.29,14.266,14.05
07/08/16 10:15:00 AM,14.194,14.266,14.242,14.05
07/08/16 10:30:00 AM,14.194,14.266,14.242,14.026
07/08/16 10:45:00 AM,14.194,14.242,14.242,14.026
07/08/16 11:00:00 AM,14.218,14.242,14.218,14.026
07/08/16 11:15:00 AM,14.242,14.242,14.218,14.026
07/08/16 11:30:00 AM,14.266,14.242,14.218,14.026
07/08/16 11:45:00 AM,14.29,14.218,14.194,14.002
07/08/16 12:00:00 PM,14.337,14.218,14.194,14.002
07/08/16 12:15:00 PM,14.361,14.218,14.194,14.002
07/08/16 12:30:00 PM,14.409,14.218,14.17,14.002
07/08/16 12:45:00 PM,14.433,14.218,14.17,14.002
07/08/16 01:00:00 PM,14.481,14.242,14.17,14.002
07/08/16 01:15:00 PM,14.529,14.242,14.17,14.002
07/08/16 01:30:00 PM,14.577,14.242,14.17,13.978
07/08/16 01:45:00 PM,14.649,14.266,14.17,13.978
07/08/16 02:00:00 PM,14.697,14.29,14.17,13.978
07/08/16 02:15:00 PM,14.745,14.29,14.17,13.978
07/08/16 02:30:00 PM,14.816,14.314,14.17,13.978
07/08/16 02:45:00 PM,14.864,14.337,14.194,13.978
07/08/16 03:00:00 PM,14.936,14.361,14.17,13.978
07/08/16 03:15:00 PM,15.008,14.385,14.194,13.978
07/08/16 03:30:00 PM,15.055,14.409,14.194,13.978
07/08/16 03:45:00 PM,15.103,14.433,14.194,13.978
07/08/16 04:00:00 PM,15.175,14.457,14.218,13.978
07/08/16 04:15:00 PM,15.223,14.481,14.218,13.978
07/08/16 04:30:00 PM,15.294,14.529,14.242,13.978
07/08/16 04:45:00 PM,15.342,14.553,14.242,13.978
07/08/16 05:00:00 PM,15.414,14.577,14.266,13.978
07/08/16 05:15:00 PM,15.461,14.601,14.29,13.978
07/08/16 05:30:00 PM,15.533,14.649,14.29,13.978
07/08/16 05:45:00 PM,15.581,14.673,14.314,14.002
07/08/16 06:00:00 PM,15.629,14.697,14.314,14.002
07/08/16 06:15:00 PM,15.676,14.745,14.337,14.002
07/08/16 06:30:00 PM,15.724,14.768,14.361,14.026
07/08/16 06:45:00 PM,15.772,14.792,14.361,14.026
07/08/16 07:00:00 PM,15.843,14.84,14.385,14.026
07/08/16 07:15:00 PM,15.891,14.864,14.409,14.026
07/08/16 07:30:00 PM,15.915,14.888,14.433,14.05
07/08/16 07:45:00 PM,15.963,14.936,14.457,14.05
07/08/16 08:00:00 PM,16.01,14.96,14.457,14.05
07/08/16 08:15:00 PM,16.034,14.984,14.481,14.074
07/08/16 08:30:00 PM,16.058,15.031,14.505,14.074
07/08/16 08:45:00 PM,16.082,15.055,14.529,14.074
07/08/16 09:00:00 PM,16.106,15.079,14.553,14.098
07/08/16 09:15:00 PM,16.129,15.103,14.553,14.098
07/08/16 09:30:00 PM,16.129,15.127,14.577,14.122
07/08/16 09:45:00 PM,16.129,15.151,14.601,14.122
07/08/16 10:00:00 PM,16.129,15.175,14.625,14.122
07/08/16 10:15:00 PM,16.129,15.199,14.649,14.146
07/08/16 10:30:00 PM,16.129,15.223,14.649,14.17
07/08/16 10:45:00 PM,16.106,15.247,14.673,14.17
07/08/16 11:00:00 PM,16.106,15.247,14.697,14.194
07/08/16 11:15:00 PM,16.082,15.27,14.697,14.194
07/08/16 11:30:00 PM,16.058,15.27,14.721,14.194
07/08/16 11:45:00 PM,16.058,15.294,14.721,14.218
07/09/16 12:00:00 AM,16.034,15.294,14.745,14.218
07/09/16 12:15:00 AM,16.01,15.294,14.768,14.242
07/09/16 12:30:00 AM,15.986,15.294,14.768,14.242
07/09/16 12:45:00 AM,15.963,15.318,14.768,14.266
07/09/16 01:00:00 AM,15.939,15.294,14.792,14.29
07/09/16 01:15:00 AM,15.915,15.294,14.792,14.29
07/09/16 01:30:00 AM,15.891,15.294,14.816,14.29
07/09/16 01:45:00 AM,15.843,15.294,14.816,14.314
07/09/16 02:00:00 AM,15.796,15.294,14.816,14.314
07/09/16 02:15:00 AM,15.772,15.294,14.84,14.314
07/09/16 02:30:00 AM,15.724,15.294,14.84,14.337
07/09/16 02:45:00 AM,15.7,15.294,14.84,14.337
07/09/16 03:00:00 AM,15.652,15.27,14.84,14.337
07/09/16 03:15:00 AM,15.605,15.27,14.84,14.361
07/09/16 03:30:00 AM,15.557,15.247,14.84,14.361
07/09/16 03:45:00 AM,15.509,15.247,14.864,14.361
07/09/16 04:00:00 AM,15.485,15.223,14.84,14.361
07/09/16 04:15:00 AM,15.438,15.223,14.864,14.385
07/09/16 04:30:00 AM,15.39,15.199,14.84,14.385
07/09/16 04:45:00 AM,15.366,15.175,14.864,14.385
07/09/16 05:00:00 AM,15.318,15.175,14.84,14.385
07/09/16 05:15:00 AM,15.27,15.151,14.84,14.385
07/09/16 05:30:00 AM,15.223,15.127,14.84,14.385
07/09/16 05:45:00 AM,15.175,15.127,14.84,14.409
07/09/16 06:00:00 AM,15.127,15.103,14.816,14.409
07/09/16 06:15:00 AM,15.103,15.079,14.816,14.409
07/09/16 06:30:00 AM,15.055,15.055,14.816,14.409
07/09/16 06:45:00 AM,15.008,15.031,14.816,14.409
07/09/16 07:00:00 AM,14.96,15.008,14.792,14.409
07/09/16 07:15:00 AM,14.936,14.984,14.792,14.409
07/09/16 07:30:00 AM,14.912,14.96,14.792,14.409
07/09/16 07:45:00 AM,14.864,14.936,14.768,14.409
07/09/16 08:00:00 AM,14.84,14.936,14.768,14.409
07/09/16 08:15:00 AM,14.84,14.912,14.745,14.409
07/09/16 08:30:00 AM,14.792,14.888,14.745,14.409
07/09/16 08:45:00 AM,14.792,14.864,14.745,14.409
07/09/16 09:00:00 AM,14.768,14.84,14.721,14.409
07/09/16 09:15:00 AM,14.768,14.816,14.721,14.385
07/09/16 09:30:00 AM,14.745,14.816,14.721,14.385
07/09/16 09:45:00 AM,14.745,14.792,14.697,14.385
07/09/16 10:00:00 AM,14.721,14.768,14.673,14.385
07/09/16 10:15:00 AM,14.721,14.768,14.673,14.385
07/09/16 10:30:00 AM,14.721,14.768,14.673,14.385
07/09/16 10:45:00 AM,14.721,14.745,14.673,14.361
07/09/16 11:00:00 AM,14.721,14.721,14.649,14.361
07/09/16 11:15:00 AM,14.721,14.721,14.649,14.361
07/09/16 11:30:00 AM,14.745,14.721,14.625,14.361
07/09/16 11:45:00 AM,14.745,14.697,14.625,14.361
07/09/16 12:00:00 PM,14.768,14.697,14.625,14.361
07/09/16 12:15:00 PM,14.768,14.697,14.625,14.361
07/09/16 12:30:00 PM,14.792,14.673,14.601,14.337
07/09/16 12:45:00 PM,14.816,14.673,14.601,14.337
07/09/16 01:00:00 PM,14.84,14.673,14.601,14.337
07/09/16 01:15:00 PM,14.864,14.673,14.577,14.337
07/09/16 01:30:00 PM,14.888,14.673,14.577,14.337
07/09/16 01:45:00 PM,14.912,14.697,14.577,14.337
07/09/16 02:00:00 PM,14.96,14.697,14.577,14.337
07/09/16 02:15:00 PM,15.008,14.697,14.577,14.337
07/09/16 02:30:00 PM,15.031,14.697,14.577,14.314
07/09/16 02:45:00 PM,15.079,14.721,14.577,14.314
07/09/16 03:00:00 PM,15.103,14.721,14.577,14.314
07/09/16 03:15:00 PM,15.151,14.721,14.577,14.314
07/09/16 03:30:00 PM,15.175,14.745,14.577,14.314
07/09/16 03:45:00 PM,15.223,14.768,14.577,14.314
07/09/16 04:00:00 PM,15.27,14.768,14.577,14.314
07/09/16 04:15:00 PM,15.318,14.792,14.577,14.314
07/09/16 04:30:00 PM,15.366,14.816,14.577,14.314
07/09/16 04:45:00 PM,15.39,14.816,14.577,14.29
07/09/16 05:00:00 PM,15.438,14.84,14.601,14.29
07/09/16 05:15:00 PM,15.485,14.864,14.601,14.29
07/09/16 05:30:00 PM,15.533,14.888,14.601,14.29
07/09/16 05:45:00 PM,15.581,14.912,14.625,14.29
07/09/16 06:00:00 PM,15.629,14.936,14.625,14.29
07/09/16 06:15:00 PM,15.676,14.96,14.649,14.29
07/09/16 06:30:00 PM,15.724,14.984,14.649,14.29
07/09/16 06:45:00 PM,15.796,15.008,14.649,14.29
07/09/16 07:00:00 PM,15.843,15.031,14.673,14.29
07/09/16 07:15:00 PM,15.891,15.055,14.673,14.29
07/09/16 07:30:00 PM,15.915,15.079,14.697,14.29
07/09/16 07:45:00 PM,15.963,15.103,14.697,14.29
07/09/16 08:00:00 PM,16.01,15.127,14.721,14.29
07/09/16 08:15:00 PM,16.034,15.151,14.721,14.29
07/09/16 08:30:00 PM,16.082,15.175,14.745,14.29
07/09/16 08:45:00 PM,16.106,15.199,14.768,14.314
07/09/16 09:00:00 PM,16.153,15.223,14.768,14.314
07/09/16 09:15:00 PM,16.177,15.27,14.792,14.314
07/09/16 09:30:00 PM,16.177,15.27,14.792,14.314
07/09/16 09:45:00 PM,16.201,15.294,14.816,14.314
07/09/16 10:00:00 PM,16.201,15.318,14.84,14.314
07/09/16 10:15:00 PM,16.225,15.342,14.84,14.337
07/09/16 10:30:00 PM,16.225,15.366,14.864,14.337
07/09/16 10:45:00 PM,16.225,15.39,14.888,14.337
07/09/16 11:00:00 PM,16.225,15.414,14.888,14.314
07/09/16 11:15:00 PM,16.225,15.438,14.912,14.337
07/09/16 11:30:00 PM,16.225,15.438,14.912,14.337
07/09/16 11:45:00 PM,16.201,15.438,14.936,14.361
07/10/16 12:00:00 AM,16.201,15.461,14.936,14.337
07/10/16 12:15:00 AM,16.177,15.461,14.96,14.337
07/10/16 12:30:00 AM,16.177,15.461,14.96,14.361
07/10/16 12:45:00 AM,16.153,15.485,14.984,14.361
07/10/16 01:00:00 AM,16.129,15.485,14.984,14.361
07/10/16 01:15:00 AM,16.106,15.485,15.008,14.385
07/10/16 01:30:00 AM,16.082,15.485,15.008,14.481
07/10/16 01:45:00 AM,16.058,15.485,15.008,14.481
07/10/16 02:00:00 AM,16.034,15.485,15.031,14.505
07/10/16 02:15:00 AM,16.01,15.485,15.031,14.505
07/10/16 02:30:00 AM,15.986,15.485,15.055,14.505
07/10/16 02:45:00 AM,15.939,15.485,15.055,14.505
07/10/16 03:00:00 AM,15.915,15.485,15.055,14.529
07/10/16 03:15:00 AM,15.891,15.485,15.055,14.529
07/10/16 03:30:00 AM,15.843,15.461,15.055,14.529
07/10/16 03:45:00 AM,15.796,15.461,15.055,14.529
07/10/16 04:00:00 AM,15.748,15.438,15.055,14.529
07/10/16 04:15:00 AM,15.724,15.438,15.055,14.553
07/10/16 04:30:00 AM,15.676,15.438,15.079,14.553
07/10/16 04:45:00 AM,15.652,15.414,15.055,14.553
07/10/16 05:00:00 AM,15.605,15.39,15.055,14.553
07/10/16 05:15:00 AM,15.557,15.39,15.055,14.553
07/10/16 05:30:00 AM,15.509,15.366,15.055,14.553
07/10/16 05:45:00 AM,15.461,15.342,15.055,14.577
07/10/16 06:00:00 AM,15.438,15.342,15.055,14.577
07/10/16 06:15:00 AM,15.39,15.318,15.055,14.577
07/10/16 06:30:00 AM,15.342,15.294,15.031,14.577
07/10/16 06:45:00 AM,15.294,15.27,15.031,14.577
07/10/16 07:00:00 AM,15.27,15.27,15.031,14.577
07/10/16 07:15:00 AM,15.223,15.247,15.031,14.577
07/10/16 07:30:00 AM,15.199,15.223,15.008,14.577
07/10/16 07:45:00 AM,15.175,15.199,15.008,14.577
07/10/16 08:00:00 AM,15.151,15.175,14.984,14.577
07/10/16 08:15:00 AM,15.127,15.151,14.984,14.577
07/10/16 08:30:00 AM,15.103,15.151,14.984,14.577
07/10/16 08:45:00 AM,15.079,15.127,14.96,14.577
07/10/16 09:00:00 AM,15.055,15.103,14.96,14.577
07/10/16 09:15:00 AM,15.055,15.079,14.96,14.577
07/10/16 09:30:00 AM,15.055,15.055,14.936,14.577
07/10/16 09:45:00 AM,15.031,15.055,14.936,14.577
07/10/16 10:00:00 AM,15.031,15.031,14.936,14.553
07/10/16 10:15:00 AM,15.031,15.031,14.912,14.553
07/10/16 10:30:00 AM,15.031,15.008,14.912,14.553
07/10/16 10:45:00 AM,15.031,15.008,14.888,14.553
07/10/16 11:00:00 AM,15.055,14.984,14.888,14.553
07/10/16 11:15:00 AM,15.055,14.984,14.888,14.553
07/10/16 11:30:00 AM,15.079,14.96,14.864,14.529
07/10/16 11:45:00 AM,15.103,14.96,14.864,14.529
07/10/16 12:00:00 PM,15.127,14.96,14.864,14.529
07/10/16 12:15:00 PM,15.151,14.96,14.864,14.529
07/10/16 12:30:00 PM,15.175,14.96,14.84,14.529
07/10/16 12:45:00 PM,15.199,14.96,14.84,14.505
07/10/16 01:00:00 PM,15.247,14.984,14.84,14.505
07/10/16 01:15:00 PM,15.294,14.96,14.84,14.529
07/10/16 01:30:00 PM,15.318,14.984,14.84,14.529
07/10/16 01:45:00 PM,15.366,14.984,14.816,14.529
07/10/16 02:00:00 PM,15.414,15.008,14.816,14.529
07/10/16 02:15:00 PM,15.438,15.008,14.816,14.529
07/10/16 02:30:00 PM,15.485,15.031,14.816,14.529
07/10/16 02:45:00 PM,15.533,15.031,14.84,14.529
07/10/16 03:00:00 PM,15.581,15.055,14.84,14.505
07/10/16 03:15:00 PM,15.652,15.079,14.84,14.505
07/10/16 03:30:00 PM,15.7,15.079,14.84,14.529
07/10/16 03:45:00 PM,15.748,15.103,14.84,14.529
07/10/16 04:00:00 PM,15.796,15.127,14.864,14.529
07/10/16 04:15:00 PM,15.867,15.151,14.864,14.505
07/10/16 04:30:00 PM,15.915,15.175,14.864,14.505
07/10/16 04:45:00 PM,15.986,15.199,14.864,14.529
07/10/16 05:00:00 PM,16.034,15.223,14.888,14.529
07/10/16 05:15:00 PM,16.082,15.247,14.912,14.529
07/10/16 05:30:00 PM,16.129,15.27,14.912,14.529
07/10/16 05:45:00 PM,16.177,15.294,14.912,14.529
07/10/16 06:00:00 PM,16.225,15.342,14.936,14.529
07/10/16 06:15:00 PM,16.296,15.366,14.936,14.529
07/10/16 06:30:00 PM,16.344,15.39,14.96,14.529
07/10/16 06:45:00 PM,16.392,15.414,14.984,14.553
07/10/16 07:00:00 PM,16.439,15.438,14.984,14.553
07/10/16 07:15:00 PM,16.487,15.485,15.008,14.553
07/10/16 07:30:00 PM,16.534,15.509,15.031,14.553
07/10/16 07:45:00 PM,16.582,15.533,15.031,14.577
07/10/16 08:00:00 PM,16.606,15.581,15.055,14.577
07/10/16 08:15:00 PM,16.654,15.605,15.079,14.577
07/10/16 08:30:00 PM,16.677,15.629,15.079,14.601
07/10/16 08:45:00 PM,16.701,15.652,15.103,14.601
07/10/16 09:00:00 PM,16.725,15.676,15.127,14.601
07/10/16 09:15:00 PM,16.749,15.7,15.127,14.625
07/10/16 09:30:00 PM,16.749,15.748,15.151,14.625
07/10/16 09:45:00 PM,16.773,15.748,15.175,14.649
07/10/16 10:00:00 PM,16.773,15.796,15.199,14.649
07/10/16 10:15:00 PM,16.773,15.819,15.199,14.649
07/10/16 10:30:00 PM,16.796,15.843,15.223,14.673
07/10/16 10:45:00 PM,16.773,15.843,15.247,14.673
07/10/16 11:00:00 PM,16.773,15.867,15.247,14.673
07/10/16 11:15:00 PM,16.773,15.891,15.27,14.697
07/10/16 11:30:00 PM,16.773,15.891,15.294,14.697
07/10/16 11:45:00 PM,16.749,15.915,15.318,14.721
07/11/16 12:00:00 AM,16.749,15.915,15.318,14.721
07/11/16 12:15:00 AM,16.749,15.915,15.342,14.721
07/11/16 12:30:00 AM,16.725,15.939,15.342,14.745
07/11/16 12:45:00 AM,16.701,15.939,15.342,14.745
07/11/16 01:00:00 AM,16.677,15.939,15.366,14.768
07/11/16 01:15:00 AM,16.677,15.963,15.366,14.768
07/11/16 01:30:00 AM,16.654,15.963,15.39,14.792
07/11/16 01:45:00 AM,16.63,15.963,15.39,14.792
07/11/16 02:00:00 AM,16.606,15.963,15.414,14.792
07/11/16 02:15:00 AM,16.582,15.963,15.414,14.816
07/11/16 02:30:00 AM,16.558,15.963,15.414,14.816
07/11/16 02:45:00 AM,16.511,15.939,15.438,14.816
07/11/16 03:00:00 AM,16.487,15.939,15.438,14.84
07/11/16 03:15:00 AM,16.463,15.939,15.438,14.84
07/11/16 03:30:00 AM,16.439,15.939,15.438,14.864
07/11/16 03:45:00 AM,16.392,15.939,15.438,14.864
07/11/16 04:00:00 AM,16.368,15.915,15.438,14.864
07/11/16 04:15:00 AM,16.32,15.915,15.438,14.864
07/11/16 04:30:00 AM,16.296,15.915,15.438,14.864
07/11/16 04:45:00 AM,16.249,15.891,15.438,14.888
07/11/16 05:00:00 AM,16.225,15.891,15.438,14.888
07/11/16 05:15:00 AM,16.201,15.867,15.438,14.888
07/11/16 05:30:00 AM,16.153,15.867,15.438,14.888
07/11/16 05:45:00 AM,16.106,15.843,15.438,14.912
07/11/16 06:00:00 AM,16.082,15.843,15.438,14.912
07/11/16 06:15:00 AM,16.034,15.819,15.438,14.912
07/11/16 06:30:00 AM,16.01,15.772,15.438,14.912
07/11/16 06:45:00 AM,15.963,15.772,15.438,14.912
07/11/16 07:00:00 AM,15.939,15.748,15.438,14.912
07/11/16 07:15:00 AM,15.915,15.748,15.438,14.912
07/11/16 07:30:00 AM,15.867,15.724,15.414,14.912
07/11/16 07:45:00 AM,15.843,15.7,15.414,14.912
07/11/16 08:00:00 AM,15.796,15.676,15.414,14.936
07/11/16 08:15:00 AM,15.772,15.676,15.414,14.912
07/11/16 08:30:00 AM,15.748,15.652,15.39,14.912
07/11/16 08:45:00 AM,15.724,15.629,15.39,14.936
07/11/16 09:00:00 AM,15.7,15.629,15.39,14.912
07/11/16 09:15:00 AM,15.676,15.605,15.39,14.912
07/11/16 09:30:00 AM,15.652,15.581,15.366,14.912
07/11/16 09:45:00 AM,15.629,15.581,15.342,14.912
07/11/16 10:00:00 AM,15.605,15.557,15.342,14.912
07/11/16 10:15:00 AM,15.605,15.533,15.342,14.912
07/11/16 10:30:00 AM,15.581,15.533,15.318,14.912
07/11/16 10:45:00 AM,15.557,15.509,15.318,14.912
07/11/16 11:00:00 AM,15.557,15.485,15.318,14.912
07/11/16 11:15:00 AM,15.533,15.485,15.294,14.912
07/11/16 11:30:00 AM,15.533,15.461,15.294,14.912
07/11/16 11:45:00 AM,15.533,15.461,15.294,14.888
07/11/16 12:00:00 PM,15.509,15.438,15.294,14.888
07/11/16 12:15:00 PM,15.509,15.438,15.27,14.888
07/11/16 12:30:00 PM,15.509,15.438,15.27,14.912
07/11/16 12:45:00 PM,15.485,15.414,15.247,14.888
07/11/16 01:00:00 PM,15.485,15.414,15.247,14.888
07/11/16 01:15:00 PM,15.485,15.39,15.247,14.888
07/11/16 01:30:00 PM,15.485,15.39,15.247,14.888
07/11/16 01:45:00 PM,15.485,15.39,15.223,14.864
07/11/16 02:00:00 PM,15.485,15.366,15.223,14.864
07/11/16 02:15:00 PM,15.485,15.366,15.223,14.864
07/11/16 02:30:00 PM,15.485,15.366,15.199,14.864
07/11/16 02:45:00 PM,15.509,15.342,15.223,14.864
07/11/16 03:00:00 PM,15.509,15.366,15.199,14.864
07/11/16 03:15:00 PM,15.509,15.342,15.199,14.864
07/11/16 03:30:00 PM,15.509,15.342,15.199,14.84
07/11/16 03:45:00 PM,15.509,15.342,15.175,14.84
07/11/16 04:00:00 PM,15.533,15.342,15.175,14.84
07/11/16 04:15:00 PM,15.533,15.342,15.175,14.84
07/11/16 04:30:00 PM,15.533,15.342,15.175,14.84
07/11/16 04:45:00 PM,15.557,15.318,15.175,14.84
07/11/16 05:00:00 PM,15.557,15.342,15.175,14.84
07/11/16 05:15:00 PM,15.581,15.342,15.175,14.816
07/11/16 05:30:00 PM,15.581,15.342,15.151,14.816
07/11/16 05:45:00 PM,15.581,15.342,15.151,14.816
07/11/16 06:00:00 PM,15.581,15.342,15.151,14.816
07/11/16 06:15:00 PM,15.605,15.342,15.151,14.816
07/11/16 06:30:00 PM,15.605,15.342,15.151,14.816
07/11/16 06:45:00 PM,15.605,15.342,15.151,14.816
07/11/16 07:00:00 PM,15.629,15.342,15.151,14.816
07/11/16 07:15:00 PM,15.629,15.342,15.151,14.816
07/11/16 07:30:00 PM,15.629,15.342,15.151,14.816
07/11/16 07:45:00 PM,15.629,15.342,15.151,14.816
07/11/16 08:00:00 PM,15.629,15.342,15.151,14.816
07/11/16 08:15:00 PM,15.629,15.342,15.151,14.816
07/11/16 08:30:00 PM,15.629,15.342,15.151,14.816
07/11/16 08:45:00 PM,15.629,15.342,15.151,14.816
07/11/16 09:00:00 PM,15.629,15.366,15.151,14.792
07/11/16 09:15:00 PM,15.629,15.366,15.151,14.816
07/11/16 09:30:00 PM,15.629,15.342,15.151,14.792
07/11/16 09:45:00 PM,15.629,15.366,15.151,14.816
07/11/16 10:00:00 PM,15.605,15.366,15.151,14.792
07/11/16 10:15:00 PM,15.581,15.366,15.151,14.792
07/11/16 10:30:00 PM,15.581,15.342,15.151,14.792
07/11/16 10:45:00 PM,15.557,15.342,15.151,14.792
07/11/16 11:00:00 PM,15.533,15.342,15.151,14.792
07/11/16 11:15:00 PM,15.533,15.342,15.151,14.792
07/11/16 11:30:00 PM,15.509,15.342,15.151,14.792
07/11/16 11:45:00 PM,15.485,15.342,15.151,14.792
07/12/16 12:00:00 AM,15.461,15.342,15.151,14.792
07/12/16 12:15:00 AM,15.438,15.318,15.151,14.792
07/12/16 12:30:00 AM,15.414,15.318,15.151,14.816
07/12/16 12:45:00 AM,15.39,15.294,15.151,14.792
07/12/16 01:00:00 AM,15.366,15.294,15.127,14.792
07/12/16 01:15:00 AM,15.342,15.294,15.127,14.792
07/12/16 01:30:00 AM,15.318,15.27,15.127,14.792
07/12/16 01:45:00 AM,15.294,15.27,15.127,14.792
07/12/16 02:00:00 AM,15.247,15.247,15.103,14.792
07/12/16 02:15:00 AM,15.223,15.247,15.103,14.792
07/12/16 02:30:00 AM,15.199,15.223,15.103,14.792
07/12/16 02:45:00 AM,15.175,15.223,15.103,14.792
07/12/16 03:00:00 AM,15.151,15.199,15.103,14.792
07/12/16 03:15:00 AM,15.103,15.199,15.103,14.792
07/12/16 03:30:00 AM,15.079,15.175,15.079,14.768
07/12/16 03:45:00 AM,15.055,15.151,15.079,14.792
07/12/16 04:00:00 AM,15.008,15.151,15.079,14.768
07/12/16 04:15:00 AM,14.984,15.127,15.055,14.768
07/12/16 04:30:00 AM,14.96,15.103,15.055,14.768
07/12/16 04:45:00 AM,14.912,15.103,15.055,14.768
07/12/16 05:00:00 AM,14.888,15.079,15.031,14.768
07/12/16 05:15:00 AM,14.864,15.055,15.031,14.768
07/12/16 05:30:00 AM,14.816,15.031,15.031,14.745
07/12/16 05:45:00 AM,14.792,15.008,15.008,14.745
07/12/16 06:00:00 AM,14.768,15.008,15.008,14.745
07/12/16 06:15:00 AM,14.745,14.984,14.984,14.745
07/12/16 06:30:00 AM,14.697,14.96,14.984,14.745
07/12/16 06:45:00 AM,14.673,14.936,14.96,14.721
07/12/16 07:00:00 AM,14.649,14.936,14.96,14.721
07/12/16 07:15:00 AM,14.625,14.912,14.936,14.721
07/12/16 07:30:00 AM,14.601,14.888,14.936,14.721
07/12/16 07:45:00 AM,14.577,14.864,14.912,14.697
07/12/16 08:00:00 AM,14.553,14.864,14.912,14.697
07/12/16 08:15:00 AM,14.529,14.84,14.888,14.697
07/12/16 08:30:00 AM,14.529,14.816,14.888,14.697
07/12/16 08:45:00 AM,14.505,14.792,14.864,14.697
07/12/16 09:00:00 AM,14.505,14.768,14.864,14.673
07/12/16 09:15:00 AM,14.481,14.768,14.84,14.673
07/12/16 09:30:00 AM,14.481,14.745,14.84,14.673
07/12/16 09:45:00 AM,14.457,14.745,14.816,14.649
07/12/16 10:00:00 AM,14.457,14.721,14.816,14.649
07/12/16 10:15:00 AM,14.457,14.697,14.792,14.649
07/12/16 10:30:00 AM,15.008,14.792,14.816,14.649
07/12/16 10:45:00 AM,17.32,17.296,17.034,17.13
