"Date Heure, GMT+01:00","Tension, V (LGR S/N: 10831978, SEN S/N: 10831978, LBL: dh)","Temp., °C (LGR S/N: 10831978, SEN S/N: 10831978, LBL: T°C)"
27/08/2019 14:00,1.1758897,25.154
27/08/2019 14:15,1.173473137,25.122
27/08/2019 14:30,1.171214633,25.071
27/08/2019 14:45,1.166001548,24.947
27/08/2019 15:00,1.160738947,24.825
27/08/2019 15:15,1.160312742,24.705
27/08/2019 15:30,1.158159417,24.549
27/08/2019 15:45,1.1562178,24.414
27/08/2019 16:00,1.158422172,24.298
27/08/2019 16:15,1.159885663,24.214
27/08/2019 16:30,1.163419218,24.148
27/08/2019 16:45,1.163847247,24.092
27/08/2019 17:00,1.164135579,24.047
27/08/2019 17:15,1.166006335,23.992
27/08/2019 17:30,1.166456093,23.927
27/08/2019 17:45,1.167613272,23.873
27/08/2019 18:00,1.17002647,23.817
27/08/2019 18:15,1.169133105,23.757
27/08/2019 18:30,1.170838877,23.69
27/08/2019 18:45,1.171768775,23.612
27/08/2019 19:00,1.174836611,23.542
27/08/2019 19:15,1.179929032,23.473
27/08/2019 19:30,1.179586378,23.407
27/08/2019 19:45,1.180922384,23.338
27/08/2019 20:00,1.181907562,23.269
27/08/2019 20:15,1.180983431,23.18
27/08/2019 20:30,1.181719887,23.101
27/08/2019 20:45,1.179549162,23.029
27/08/2019 21:00,1.179518203,22.967
27/08/2019 21:15,1.176771963,22.916
27/08/2019 21:30,1.177669364,22.868
27/08/2019 21:45,1.176278747,22.821
27/08/2019 22:00,1.174715456,22.777
27/08/2019 22:15,1.176249709,22.733
27/08/2019 22:30,1.170738389,22.69
27/08/2019 22:45,1.171868649,22.644
27/08/2019 23:00,1.170428516,22.599
27/08/2019 23:15,1.169879153,22.569
27/08/2019 23:30,1.167362985,22.531
27/08/2019 23:45,1.16931681,22.492
28/08/2019 00:00,1.168369604,22.448
28/08/2019 00:15,1.167231074,22.41
28/08/2019 00:30,1.16957822,22.366
28/08/2019 00:45,1.16900011,22.342
28/08/2019 01:00,1.168610249,22.318
28/08/2019 01:15,1.166343766,22.277
28/08/2019 01:30,1.16553318,22.228
28/08/2019 01:45,1.165152547,22.186
28/08/2019 02:00,1.167496617,22.148
28/08/2019 02:15,1.16503054,22.118
28/08/2019 02:30,1.160139824,22.094
28/08/2019 02:45,1.154729262,22.077
28/08/2019 03:00,1.151112543,22.066
28/08/2019 03:15,1.154779738,22.062
28/08/2019 03:30,1.152726116,22.062
28/08/2019 03:45,1.154120195,22.08
28/08/2019 04:00,1.153832823,22.112
28/08/2019 04:15,1.15564176,22.172
28/08/2019 04:30,1.156792406,22.242
28/08/2019 04:45,1.158815166,22.33
28/08/2019 05:00,1.159462694,22.43
28/08/2019 05:15,1.159655559,22.51
28/08/2019 05:30,1.165975543,22.628
28/08/2019 05:45,1.166324834,22.72
28/08/2019 06:00,1.166205423,22.697
28/08/2019 06:15,1.171704536,22.825
28/08/2019 06:30,1.168543247,22.877
28/08/2019 06:45,1.168207709,22.964
28/08/2019 07:00,1.171996337,23.196
28/08/2019 07:15,1.175217624,23.383
28/08/2019 07:30,1.174736043,23.46
28/08/2019 07:45,1.184656691,23.548
28/08/2019 08:00,1.185957226,23.754
28/08/2019 08:15,1.184621892,23.805
28/08/2019 08:30,1.18704134,23.887
28/08/2019 08:45,1.189237063,23.977
28/08/2019 09:00,1.189967468,24.149
28/08/2019 09:15,1.194236715,24.317
28/08/2019 09:30,1.194212874,24.408
28/08/2019 09:45,1.196646934,24.417
28/08/2019 10:00,1.197891993,24.581
28/08/2019 10:15,1.199493743,24.639
28/08/2019 10:30,1.198028233,24.777
28/08/2019 10:45,1.203069511,24.919
28/08/2019 11:00,1.203833852,24.997
28/08/2019 11:15,1.204415521,25.053
28/08/2019 11:30,1.20829702,25.115
28/08/2019 11:45,1.204667129,25.113
28/08/2019 12:00,1.206700462,25.058
28/08/2019 12:15,1.209062702,24.979
28/08/2019 12:30,1.210332658,24.922
28/08/2019 12:45,1.210675794,24.937
28/08/2019 13:00,1.211458498,25.007
28/08/2019 13:15,1.210624358,24.965
28/08/2019 13:30,1.21161819,24.868
28/08/2019 13:45,1.209038086,24.76
28/08/2019 14:00,1.20669959,24.687
28/08/2019 14:15,1.206692474,24.623
28/08/2019 14:30,1.20758276,24.6
28/08/2019 14:45,1.207017822,24.567
28/08/2019 15:00,1.206232715,24.485
28/08/2019 15:15,1.205274645,24.401
28/08/2019 15:30,1.203644532,24.326
28/08/2019 15:45,1.204193606,24.262
28/08/2019 16:00,1.203625398,24.202
28/08/2019 16:15,1.20347224,24.128
28/08/2019 16:30,1.200084339,24.049
28/08/2019 16:45,1.200500831,23.971
28/08/2019 17:00,1.200316522,23.891
28/08/2019 17:15,1.199108096,23.828
28/08/2019 17:30,1.199059446,23.756
28/08/2019 17:45,1.197840636,23.691
28/08/2019 18:00,1.198661987,23.63
28/08/2019 18:15,1.198256357,23.57
28/08/2019 18:30,1.197671324,23.515
28/08/2019 18:45,1.197374721,23.476
28/08/2019 19:00,1.197279154,23.451
28/08/2019 19:15,1.199035211,23.425
28/08/2019 19:30,1.196919962,23.395
28/08/2019 19:45,1.194220449,23.353
28/08/2019 20:00,1.193268051,23.308
28/08/2019 20:15,1.193238824,23.276
28/08/2019 20:30,1.194755581,23.255
28/08/2019 20:45,1.180689505,23.232
28/08/2019 21:00,1.179544031,23.21
28/08/2019 21:15,1.179849571,23.183
28/08/2019 21:30,1.180708341,23.148
28/08/2019 21:45,1.179910733,23.118
28/08/2019 22:00,1.182816076,23.089
28/08/2019 22:15,1.177913701,23.031
28/08/2019 22:30,1.174714389,22.993
28/08/2019 22:45,1.175676675,22.967
28/08/2019 23:00,1.176599755,22.942
28/08/2019 23:15,1.178792976,22.93
28/08/2019 23:30,1.177805154,22.913
28/08/2019 23:45,1.17787194,22.895
29/08/2019 00:00,1.17997658,22.871
29/08/2019 00:15,1.183354669,22.841
29/08/2019 00:30,1.181561572,22.807
29/08/2019 00:45,1.182220792,22.78
29/08/2019 01:00,1.181011006,22.748
29/08/2019 01:15,1.181297254,22.718
29/08/2019 01:30,1.18274889,22.706
29/08/2019 01:45,1.182108317,22.688
29/08/2019 02:00,1.181342246,22.67
29/08/2019 02:15,1.185993999,22.65
29/08/2019 02:30,1.184156315,22.641
29/08/2019 02:45,1.188312719,22.638
29/08/2019 03:00,1.187727954,22.634
29/08/2019 03:15,1.188218757,22.65
29/08/2019 03:30,1.185979066,22.653
29/08/2019 03:45,1.186123857,22.656
29/08/2019 04:00,1.184676581,22.674
29/08/2019 04:15,1.182900732,22.703
29/08/2019 04:30,1.184046851,22.773
29/08/2019 04:45,1.185848452,22.803
29/08/2019 05:00,1.180426912,22.847
29/08/2019 05:15,1.180707832,22.951
29/08/2019 05:30,1.180969457,23.052
29/08/2019 05:45,1.180611688,23.172
29/08/2019 06:00,1.183035969,23.109
29/08/2019 06:15,1.182356217,23.147
29/08/2019 06:30,1.181709644,23.16
29/08/2019 06:45,1.182609528,23.213
29/08/2019 07:00,1.184505549,23.318
29/08/2019 07:15,1.18692641,23.478
29/08/2019 07:30,1.189050206,23.606
29/08/2019 07:45,1.191144942,23.694
29/08/2019 08:00,1.191224024,23.795
29/08/2019 08:15,1.193604363,23.805
29/08/2019 08:30,1.196111491,23.911
29/08/2019 08:45,1.194324527,24.121
29/08/2019 09:00,1.200095708,24.307
29/08/2019 09:15,1.199004829,24.368
29/08/2019 09:30,1.202652266,24.536
29/08/2019 09:45,1.202896508,24.723
29/08/2019 10:00,1.205737377,24.778
29/08/2019 10:15,1.204331379,24.79
29/08/2019 10:30,1.211277231,24.889
29/08/2019 10:45,1.210143217,24.977
29/08/2019 11:00,1.210157963,25.013
29/08/2019 11:15,1.211078216,25.149
29/08/2019 11:30,1.216188912,25.321
29/08/2019 11:45,1.219498654,25.511
29/08/2019 12:00,1.222917077,25.67
29/08/2019 12:15,1.225110968,25.761
29/08/2019 12:30,1.224302382,25.763
29/08/2019 12:45,1.224222707,25.724
29/08/2019 13:00,1.226033403,25.688
29/08/2019 13:15,1.225134972,25.637
29/08/2019 13:30,1.227777907,25.608
29/08/2019 13:45,1.224725862,25.545
29/08/2019 14:00,1.223901454,25.431
29/08/2019 14:15,1.227754957,25.333
29/08/2019 14:30,1.226760678,25.26
29/08/2019 14:45,1.224476752,25.155
29/08/2019 15:00,1.225473857,25.067
29/08/2019 15:15,1.223267102,24.974
29/08/2019 15:30,1.223750183,24.893
29/08/2019 15:45,1.219623404,24.819
29/08/2019 16:00,1.22095616,24.769
29/08/2019 16:15,1.219986368,24.714
29/08/2019 16:30,1.220014758,24.651
29/08/2019 16:45,1.221678777,24.578
29/08/2019 17:00,1.221164916,24.491
29/08/2019 17:15,1.218400574,24.4
29/08/2019 17:30,1.22215306,24.32
29/08/2019 17:45,1.219234186,24.244
29/08/2019 18:00,1.220880984,24.163
29/08/2019 18:15,1.220369625,24.103
29/08/2019 18:30,1.222456828,24.055
29/08/2019 18:45,1.220566647,24.013
29/08/2019 19:00,1.218509689,23.977
29/08/2019 19:15,1.217818287,23.944
29/08/2019 19:30,1.221629919,23.914
29/08/2019 19:45,1.218844856,23.873
29/08/2019 20:00,1.218502775,23.834
29/08/2019 20:15,1.218107173,23.792
29/08/2019 20:30,1.217263929,23.762
29/08/2019 20:45,1.217090292,23.735
29/08/2019 21:00,1.216550113,23.706
29/08/2019 21:15,1.215989188,23.672
29/08/2019 21:30,1.212422716,23.639
29/08/2019 21:45,1.213556757,23.606
29/08/2019 22:00,1.211578208,23.568
29/08/2019 22:15,1.209795281,23.548
29/08/2019 22:30,1.207908222,23.526
29/08/2019 22:45,1.209703364,23.5
29/08/2019 23:00,1.206279613,23.475
29/08/2019 23:15,1.207827901,23.439
29/08/2019 23:30,1.207398288,23.413
29/08/2019 23:45,1.205438414,23.385
30/08/2019 00:00,1.206072745,23.363
30/08/2019 00:15,1.209332384,23.327
30/08/2019 00:30,1.208462797,23.3
30/08/2019 00:45,1.205788515,23.278
30/08/2019 01:00,1.20702607,23.254
30/08/2019 01:15,1.204849425,23.226
30/08/2019 01:30,1.205812949,23.186
30/08/2019 01:45,1.206722549,23.166
30/08/2019 02:00,1.207733591,23.16
30/08/2019 02:15,1.205626449,23.157
30/08/2019 02:30,1.206099197,23.156
30/08/2019 02:45,1.206684582,23.153
30/08/2019 03:00,1.206284432,23.144
30/08/2019 03:15,1.20542647,23.133
30/08/2019 03:30,1.201781399,23.141
30/08/2019 03:45,1.204418548,23.159
30/08/2019 04:00,1.204635964,23.207
30/08/2019 04:15,1.204078806,23.241
30/08/2019 04:30,1.202549999,23.241
30/08/2019 04:45,1.203267124,23.278
30/08/2019 05:00,1.202881748,23.36
30/08/2019 05:15,1.20231318,23.394
30/08/2019 05:30,1.199006908,23.515
30/08/2019 05:45,1.20013831,23.604
30/08/2019 06:00,1.204379392,23.694
30/08/2019 06:15,1.205007774,23.813
30/08/2019 06:30,1.201437212,23.9
30/08/2019 06:45,1.203868406,23.98
30/08/2019 07:00,1.204146203,24.064
30/08/2019 07:15,1.202493189,24.16
30/08/2019 07:30,1.205180359,24.239
30/08/2019 07:45,1.206106263,24.477
30/08/2019 08:00,1.208413248,24.653
30/08/2019 08:15,1.210112463,24.864
30/08/2019 08:30,1.210340534,25.068
30/08/2019 08:45,1.212643889,25.027
30/08/2019 09:00,1.209171674,25.163
30/08/2019 09:15,1.212268735,25.233
30/08/2019 09:30,1.212689388,25.176
30/08/2019 09:45,1.212140707,25.151
30/08/2019 10:00,1.214164136,25.345
30/08/2019 10:15,1.212583718,25.431
30/08/2019 10:30,1.218165898,25.561
30/08/2019 10:45,1.21602722,25.546
30/08/2019 11:00,1.200910714,25.578
30/08/2019 11:15,1.210191133,25.836
30/08/2019 11:30,1.21637094,25.972
30/08/2019 11:45,1.221910928,25.934
30/08/2019 12:00,1.2240058,25.873
30/08/2019 12:15,1.225198474,25.693
30/08/2019 12:30,1.214204444,25.479
30/08/2019 12:45,1.211871624,25.503
30/08/2019 13:00,1.217848276,25.485
30/08/2019 13:15,1.221520281,25.412
30/08/2019 13:30,1.228315692,25.406
30/08/2019 13:45,1.230256246,25.376
30/08/2019 14:00,1.23484369,25.346
30/08/2019 14:15,1.241690522,25.293
30/08/2019 14:30,1.248570935,25.192
30/08/2019 14:45,1.249772569,25.095
30/08/2019 15:00,1.246425532,24.995
30/08/2019 15:15,1.24358321,24.938
30/08/2019 15:30,1.241054768,24.944
30/08/2019 15:45,1.243352957,24.943
30/08/2019 16:00,1.239370353,24.879
30/08/2019 16:15,1.242935104,24.784
30/08/2019 16:30,1.247698635,24.698
30/08/2019 16:45,1.244516114,24.636
30/08/2019 17:00,1.248027561,24.554
30/08/2019 17:15,1.246196123,24.452
30/08/2019 17:30,1.246563792,24.353
30/08/2019 17:45,1.251209089,24.277
30/08/2019 18:00,1.245503939,24.229
30/08/2019 18:15,1.24884468,24.179
30/08/2019 18:30,1.251696071,24.115
30/08/2019 18:45,1.243007143,24.043
30/08/2019 19:00,1.241236433,23.977
30/08/2019 19:15,1.243496844,23.924
30/08/2019 19:30,1.246041241,23.885
30/08/2019 19:45,1.245145931,23.854
30/08/2019 20:00,1.244566546,23.826
30/08/2019 20:15,1.2477735,23.796
30/08/2019 20:30,1.248236696,23.774
30/08/2019 20:45,1.250633826,23.76
30/08/2019 21:00,1.251423738,23.748
30/08/2019 21:15,1.254202961,23.726
30/08/2019 21:30,1.2610608,23.696
30/08/2019 21:45,1.25925422,23.667
30/08/2019 22:00,1.261843017,23.642
30/08/2019 22:15,1.265902955,23.624
30/08/2019 22:30,1.262326742,23.609
30/08/2019 22:45,1.259887071,23.588
30/08/2019 23:00,1.264172903,23.559
30/08/2019 23:15,1.260145093,23.527
30/08/2019 23:30,1.263117436,23.496
30/08/2019 23:45,1.260591041,23.442
31/08/2019 00:00,1.254339093,23.403
31/08/2019 00:15,1.256846357,23.36
31/08/2019 00:30,1.258459576,23.327
31/08/2019 00:45,1.269885375,23.303
31/08/2019 01:00,1.270495219,23.263
31/08/2019 01:15,1.27279007,23.226
31/08/2019 01:30,1.271496682,23.181
31/08/2019 01:45,1.271034914,23.15
31/08/2019 02:00,1.283687907,23.127
31/08/2019 02:15,1.282707138,23.104
31/08/2019 02:30,1.285093477,23.083
31/08/2019 02:45,1.288934572,23.07
31/08/2019 03:00,1.284328024,23.058
31/08/2019 03:15,1.282463997,23.052
31/08/2019 03:30,1.287578138,23.056
31/08/2019 03:45,1.280190294,23.071
31/08/2019 04:00,1.281879258,23.103
31/08/2019 04:15,1.282675627,23.147
31/08/2019 04:30,1.288944178,23.201
31/08/2019 04:45,1.287436977,23.27
31/08/2019 05:00,1.288543893,23.341
31/08/2019 05:15,1.290090781,23.413
31/08/2019 05:30,1.295634536,23.443
31/08/2019 05:45,1.295225936,23.548
31/08/2019 06:00,1.293421672,23.585
31/08/2019 06:15,1.292398224,23.676
31/08/2019 06:30,1.292123627,23.777
31/08/2019 06:45,1.291717072,23.822
31/08/2019 07:00,1.290377105,23.972
31/08/2019 07:15,1.289838647,24.071
31/08/2019 07:30,1.288446748,24.071
31/08/2019 07:45,1.291602763,24.23
31/08/2019 08:00,1.291163893,24.364
31/08/2019 08:15,1.289025267,24.459
31/08/2019 08:30,1.29188874,24.498
31/08/2019 08:45,1.291588203,24.579
31/08/2019 09:00,1.289137417,24.739
31/08/2019 09:15,1.289848758,24.823
31/08/2019 09:30,1.28596714,24.686
31/08/2019 09:45,1.289059653,24.789
31/08/2019 10:00,1.287381344,24.913
31/08/2019 10:15,1.293331627,24.843
31/08/2019 10:30,1.291183261,24.956
31/08/2019 10:45,1.292057395,24.95
31/08/2019 11:00,1.291299182,24.88
31/08/2019 11:15,1.292957092,25.042
31/08/2019 11:30,1.290637754,25.061
31/08/2019 11:45,1.294556802,24.959
31/08/2019 12:00,1.291502309,24.979
31/08/2019 12:15,1.294391668,24.928
31/08/2019 12:30,1.286305345,24.861
31/08/2019 12:45,1.288220202,24.882
31/08/2019 13:00,1.287891413,24.877
31/08/2019 13:15,1.290589106,24.837
31/08/2019 13:30,1.290217344,24.765
31/08/2019 13:45,1.289953674,24.724
31/08/2019 14:00,1.290522428,24.651
31/08/2019 14:15,1.289863774,24.561
31/08/2019 14:30,1.292090766,24.462
31/08/2019 14:45,1.284763466,24.419
31/08/2019 15:00,1.287614048,24.401
31/08/2019 15:15,1.289969471,24.361
31/08/2019 15:30,1.287649487,24.332
31/08/2019 15:45,1.292014968,24.287
31/08/2019 16:00,1.291870364,24.245
31/08/2019 16:15,1.290069382,24.208
31/08/2019 16:30,1.290696447,24.176
31/08/2019 16:45,1.292025462,24.113
31/08/2019 17:00,1.294517363,24.041
31/08/2019 17:15,1.294647195,23.992
31/08/2019 17:30,1.293308171,23.947
31/08/2019 17:45,1.294041442,23.912
31/08/2019 18:00,1.297585473,23.867
31/08/2019 18:15,1.301669253,23.819
31/08/2019 18:30,1.299484294,23.756
31/08/2019 18:45,1.295336986,23.693
31/08/2019 19:00,1.302146065,23.643
31/08/2019 19:15,1.297742161,23.588
31/08/2019 19:30,1.294362163,23.529
31/08/2019 19:45,1.291687664,23.491
31/08/2019 20:00,1.294809159,23.469
31/08/2019 20:15,1.292258923,23.445
31/08/2019 20:30,1.292800528,23.421
31/08/2019 20:45,1.293414112,23.394
31/08/2019 21:00,1.293148583,23.374
31/08/2019 21:15,1.293906342,23.357
31/08/2019 21:30,1.295720159,23.341
31/08/2019 21:45,1.297048986,23.317
31/08/2019 22:00,1.295574102,23.297
31/08/2019 22:15,1.296102227,23.278
31/08/2019 22:30,1.297235647,23.252
31/08/2019 22:45,1.294696201,23.235
31/08/2019 23:00,1.298462197,23.205
31/08/2019 23:15,1.296923004,23.175
31/08/2019 23:30,1.300096564,23.154
31/08/2019 23:45,1.302599281,23.144
01/09/2019 00:00,1.302779538,23.133
01/09/2019 00:15,1.305406301,23.121
01/09/2019 00:30,1.300320574,23.109
01/09/2019 00:45,1.310944218,23.088
01/09/2019 01:00,1.314321688,23.065
01/09/2019 01:15,1.311706524,23.038
01/09/2019 01:30,1.314485128,23.023
01/09/2019 01:45,1.318833198,23.009
01/09/2019 02:00,1.321927731,22.997
01/09/2019 02:15,1.319190187,22.99
01/09/2019 02:30,1.328894275,22.991
01/09/2019 02:45,1.324719197,22.984
01/09/2019 03:00,1.325894325,22.984
01/09/2019 03:15,1.329241524,22.99
01/09/2019 03:30,1.330370397,22.997
01/09/2019 03:45,1.331989238,23.011
01/09/2019 04:00,1.328055417,23.022
01/09/2019 04:15,1.327096441,23.029
01/09/2019 04:30,1.322807488,23.038
01/09/2019 04:45,1.328720475,23.058
01/09/2019 05:00,1.309373704,23.062
01/09/2019 05:15,1.322454454,23.086
01/09/2019 05:30,1.326666666,23.097
01/09/2019 05:45,1.329059437,23.077
01/09/2019 06:00,1.329991449,23.08
01/09/2019 06:15,1.314516683,23.115
01/09/2019 06:30,1.316123723,23.147
01/09/2019 06:45,1.316088782,23.154
01/09/2019 07:00,1.317723937,23.166
01/09/2019 07:15,1.318358419,23.187
01/09/2019 07:30,1.320090486,23.294
01/09/2019 07:45,1.319476676,23.406
01/09/2019 08:00,1.322008149,23.467
01/09/2019 08:15,1.324449935,23.634
01/09/2019 08:30,1.324398025,23.606
01/09/2019 08:45,1.323852528,23.697
01/09/2019 09:00,1.324960173,23.857
01/09/2019 09:15,1.330707743,23.927
01/09/2019 09:30,1.331583787,24.031
01/09/2019 09:45,1.331128462,24.152
01/09/2019 10:00,1.335914738,24.302
01/09/2019 10:15,1.33466109,24.34
01/09/2019 10:30,1.331717807,24.408
01/09/2019 10:45,1.335876042,24.461
01/09/2019 11:00,1.334817754,24.498
01/09/2019 11:15,1.335506715,24.477
01/09/2019 11:30,1.334834157,24.449
01/09/2019 11:45,1.338025275,24.492
01/09/2019 12:00,1.340984525,24.536
01/09/2019 12:15,1.336934163,24.528
01/09/2019 12:30,1.336151243,24.473
01/09/2019 12:45,1.337154669,24.389
01/09/2019 13:00,1.33758862,24.353
01/09/2019 13:15,1.33851489,24.332
01/09/2019 13:30,1.336463571,24.319
01/09/2019 13:45,1.3372958,24.274
01/09/2019 14:00,1.339872892,24.236
01/09/2019 14:15,1.33646484,24.185
01/09/2019 14:30,1.340214554,24.178
01/09/2019 14:45,1.325100067,24.074
01/09/2019 15:00,1.30836666,24.013
01/09/2019 15:15,1.293714724,23.989
01/09/2019 15:30,1.292137653,23.986
01/09/2019 15:45,1.298160958,23.954
01/09/2019 16:00,1.296728071,23.902
01/09/2019 16:15,1.289188715,23.86
01/09/2019 16:30,1.292321916,23.79
01/09/2019 16:45,1.290762348,23.708
01/09/2019 17:00,1.300347285,23.621
01/09/2019 17:15,1.296404966,23.554
01/09/2019 17:30,1.283673146,23.487
01/09/2019 17:45,1.285126576,23.427
01/09/2019 18:00,1.287360706,23.383
01/09/2019 18:15,1.296992112,23.323
01/09/2019 18:30,1.297251261,23.275
01/09/2019 18:45,1.315567529,23.231
01/09/2019 19:00,1.302875172,23.183
01/09/2019 19:15,1.320351555,23.144
01/09/2019 19:30,1.330071379,23.112
01/09/2019 19:45,1.329961202,23.08
01/09/2019 20:00,1.338590834,23.059
01/09/2019 20:15,1.336353834,23.032
01/09/2019 20:30,1.348037944,22.997
01/09/2019 20:45,1.363031541,22.963
01/09/2019 21:00,1.351207654,22.927
01/09/2019 21:15,1.368019319,22.895
01/09/2019 21:30,1.371705876,22.868
01/09/2019 21:45,1.376805399,22.839
01/09/2019 22:00,1.367693676,22.815
01/09/2019 22:15,1.387117107,22.795
01/09/2019 22:30,1.384651376,22.783
01/09/2019 22:45,1.38677663,22.771
01/09/2019 23:00,1.392970866,22.757
01/09/2019 23:15,1.393666837,22.744
01/09/2019 23:30,1.397802196,22.724
01/09/2019 23:45,1.397145956,22.699
02/09/2019 00:00,1.39951082,22.674
02/09/2019 00:15,1.401453896,22.652
02/09/2019 00:30,1.395825081,22.629
02/09/2019 00:45,1.377251765,22.614
02/09/2019 01:00,1.400811022,22.611
02/09/2019 01:15,1.392386793,22.606
02/09/2019 01:30,1.384848087,22.596
02/09/2019 01:45,1.384682413,22.584
02/09/2019 02:00,1.387893989,22.567
02/09/2019 02:15,1.382845075,22.56
02/09/2019 02:30,1.387255634,22.552
02/09/2019 02:45,1.380901163,22.555
02/09/2019 03:00,1.376911373,22.538
02/09/2019 03:15,1.376873295,22.531
02/09/2019 03:30,1.377002461,22.543
02/09/2019 03:45,1.370930199,22.566
02/09/2019 04:00,1.371284508,22.611
02/09/2019 04:15,1.351471561,22.65
02/09/2019 04:30,1.350749043,22.69
02/09/2019 04:45,1.358658376,22.748
02/09/2019 05:00,1.348673962,22.827
02/09/2019 05:15,1.350127775,22.856
02/09/2019 05:30,1.34987268,22.893
02/09/2019 05:45,1.354683935,23.009
02/09/2019 06:00,1.353364278,23.055
02/09/2019 06:15,1.355679001,23.103
02/09/2019 06:30,1.35456383,23.148
02/09/2019 06:45,1.351260347,23.232
02/09/2019 07:00,1.349412429,23.347
02/09/2019 07:15,1.349840974,23.508
02/09/2019 07:30,1.355972805,23.553
02/09/2019 07:45,1.349640007,23.612
02/09/2019 08:00,1.354670116,23.634
02/09/2019 08:15,1.351726266,23.618
02/09/2019 08:30,1.354787517,23.867
02/09/2019 08:45,1.348292298,24.074
02/09/2019 09:00,1.351046597,24.082
02/09/2019 09:15,1.352417646,24.277
02/09/2019 09:30,1.351675021,24.268
02/09/2019 09:45,1.355593263,24.245
02/09/2019 10:00,1.349259548,24.329
02/09/2019 10:15,1.348928682,24.441
02/09/2019 10:30,1.348599301,24.612
02/09/2019 10:45,1.351453631,24.63
02/09/2019 11:00,1.351809391,24.536
02/09/2019 11:15,1.354294095,24.429
02/09/2019 11:30,1.349430694,24.54
02/09/2019 11:45,1.350240546,24.657
02/09/2019 12:00,1.350266475,24.796
02/09/2019 12:15,1.34722915,24.84
02/09/2019 12:30,1.349810198,24.744
02/09/2019 12:45,1.350733898,24.793
02/09/2019 13:00,1.34868837,24.672
02/09/2019 13:15,1.351570998,24.665
02/09/2019 13:30,1.344655897,24.674
02/09/2019 13:45,1.342640437,24.629
02/09/2019 14:00,1.342276634,24.594
02/09/2019 14:15,1.339004103,24.531
02/09/2019 14:30,1.343651872,24.476
02/09/2019 14:45,1.341147413,24.425
02/09/2019 15:00,1.340424512,24.376
02/09/2019 15:15,1.339491501,24.332
02/09/2019 15:30,1.340228119,24.256
02/09/2019 15:45,1.338109489,24.187
02/09/2019 16:00,1.338238088,24.115
02/09/2019 16:15,1.337165217,24.052
02/09/2019 16:30,1.334513804,24.026
02/09/2019 16:45,1.334838045,23.995
02/09/2019 17:00,1.337364614,23.941
02/09/2019 17:15,1.333116859,23.89
02/09/2019 17:30,1.334998715,23.845
02/09/2019 17:45,1.330317927,23.805
02/09/2019 18:00,1.33115154,23.772
02/09/2019 18:15,1.32796199,23.736
02/09/2019 18:30,1.325917029,23.699
02/09/2019 18:45,1.327967047,23.648
02/09/2019 19:00,1.327516209,23.597
02/09/2019 19:15,1.327939282,23.559
02/09/2019 19:30,1.320901554,23.527
02/09/2019 19:45,1.32103993,23.487
02/09/2019 20:00,1.320810083,23.433
02/09/2019 20:15,1.316282337,23.401
02/09/2019 20:30,1.316818073,23.377
02/09/2019 20:45,1.315563123,23.351
02/09/2019 21:00,1.315016593,23.321
02/09/2019 21:15,1.312115609,23.281
02/09/2019 21:30,1.308292411,23.251
02/09/2019 21:45,1.30667975,23.223
02/09/2019 22:00,1.307840005,23.193
02/09/2019 22:15,1.306704077,23.157
02/09/2019 22:30,1.303050976,23.118
02/09/2019 22:45,1.302068275,23.085
02/09/2019 23:00,1.300000821,23.064
02/09/2019 23:15,1.300185851,23.046
02/09/2019 23:30,1.300154131,23.015
02/09/2019 23:45,1.296374451,22.993
03/09/2019 00:00,1.295378383,22.976
03/09/2019 00:15,1.294486404,22.958
03/09/2019 00:30,1.2928093,22.945
03/09/2019 00:45,1.289666404,22.931
03/09/2019 01:00,1.289814926,22.913
03/09/2019 01:15,1.288748143,22.883
03/09/2019 01:30,1.284144895,22.869
03/09/2019 01:45,1.288601274,22.856
03/09/2019 02:00,1.282303685,22.851
03/09/2019 02:15,1.282665269,22.847
03/09/2019 02:30,1.2826342,22.848
03/09/2019 02:45,1.280193365,22.854
03/09/2019 03:00,1.279789649,22.862
03/09/2019 03:15,1.28118224,22.868
03/09/2019 03:30,1.279582209,22.844
03/09/2019 03:45,1.277523798,22.875
03/09/2019 04:00,1.276624727,22.901
03/09/2019 04:15,1.275215549,22.949
03/09/2019 04:30,1.27478325,22.94
03/09/2019 04:45,1.271854151,22.92
03/09/2019 05:00,1.271580251,22.972
03/09/2019 05:15,1.273917651,22.999
03/09/2019 05:30,1.273570549,23.056
03/09/2019 05:45,1.271627205,23.135
03/09/2019 06:00,1.2732396,23.22
03/09/2019 06:15,1.27378356,23.32
03/09/2019 06:30,1.273226801,23.32
03/09/2019 06:45,1.27047499,23.294
03/09/2019 07:00,1.275458928,23.43
03/09/2019 07:15,1.277267233,23.499
03/09/2019 07:30,1.275283058,23.646
03/09/2019 07:45,1.27417481,23.751
03/09/2019 08:00,1.275942384,23.935
03/09/2019 08:15,1.277861616,24.115
03/09/2019 08:30,1.279729673,24.247
03/09/2019 08:45,1.278298386,24.4
03/09/2019 09:00,1.280848045,24.612
03/09/2019 09:15,1.281176373,24.768
03/09/2019 09:30,1.281748183,24.905
03/09/2019 09:45,1.283370724,25.012
03/09/2019 10:00,1.282600902,24.998
03/09/2019 10:15,1.28499051,25.194
03/09/2019 10:30,1.284154945,25.131
03/09/2019 10:45,1.288660664,25.216
03/09/2019 11:00,1.292100735,25.439
03/09/2019 11:15,1.294405614,25.606
03/09/2019 11:30,1.291371242,25.669
03/09/2019 11:45,1.294195253,25.767
03/09/2019 12:00,1.291638733,25.891
03/09/2019 12:15,1.292034523,25.9
03/09/2019 12:30,1.292467657,25.936
03/09/2019 12:45,1.29507969,25.891
03/09/2019 13:00,1.291122154,25.791
03/09/2019 13:15,1.290340535,25.8
03/09/2019 13:30,1.292155464,25.788
03/09/2019 13:45,1.29070247,25.687
03/09/2019 14:00,1.293579276,25.59
03/09/2019 14:15,1.294178335,25.482
03/09/2019 14:30,1.293358906,25.427
03/09/2019 14:45,1.296238664,25.349
03/09/2019 15:00,1.292941057,25.273
03/09/2019 15:15,1.291814707,25.175
03/09/2019 15:30,1.291587895,25.088
03/09/2019 15:45,1.290747625,25.004
03/09/2019 16:00,1.288954071,24.931
03/09/2019 16:15,1.287937898,24.865
03/09/2019 16:30,1.291297344,24.798
03/09/2019 16:45,1.288804683,24.724
03/09/2019 17:00,1.28995341,24.66
03/09/2019 17:15,1.286805342,24.588
03/09/2019 17:30,1.286769651,24.516
03/09/2019 17:45,1.286511036,24.45
03/09/2019 18:00,1.287088986,24.37
03/09/2019 18:15,1.286128311,24.284
03/09/2019 18:30,1.284927191,24.184
03/09/2019 18:45,1.283346783,24.073
03/09/2019 19:00,1.283662899,23.965
03/09/2019 19:15,1.281111136,23.86
03/09/2019 19:30,1.279960725,23.771
03/09/2019 19:45,1.28021517,23.702
03/09/2019 20:00,1.282971853,23.645
03/09/2019 20:15,1.278970716,23.589
03/09/2019 20:30,1.27954231,23.533
03/09/2019 20:45,1.279170113,23.478
03/09/2019 21:00,1.277885013,23.428
03/09/2019 21:15,1.276364174,23.385
03/09/2019 21:30,1.275520499,23.344
03/09/2019 21:45,1.275950763,23.309
03/09/2019 22:00,1.273544218,23.276
03/09/2019 22:15,1.274079954,23.252
03/09/2019 22:30,1.269060723,23.232
03/09/2019 22:45,1.270773869,23.208
03/09/2019 23:00,1.268363452,23.181
03/09/2019 23:15,1.267323868,23.156
03/09/2019 23:30,1.268060402,23.132
03/09/2019 23:45,1.268670907,23.11
04/09/2019 00:00,1.264754319,23.088
04/09/2019 00:15,1.265520169,23.061
04/09/2019 00:30,1.26126624,23.029
04/09/2019 00:45,1.258461419,23.005
04/09/2019 01:00,1.259126503,22.988
04/09/2019 01:15,1.257914887,22.975
04/09/2019 01:30,1.257208956,22.961
04/09/2019 01:45,1.256234646,22.948
04/09/2019 02:00,1.256216943,22.933
04/09/2019 02:15,1.251900508,22.913
04/09/2019 02:30,1.251052229,22.898
04/09/2019 02:45,1.252069405,22.887
04/09/2019 03:00,1.247940402,22.883
04/09/2019 03:15,1.251392054,22.89
04/09/2019 03:30,1.247535953,22.911
04/09/2019 03:45,1.248504821,22.923
04/09/2019 04:00,1.24640538,22.928
04/09/2019 04:15,1.245491558,22.958
04/09/2019 04:30,1.245726196,22.981
04/09/2019 04:45,1.241890281,22.999
04/09/2019 05:00,1.243465518,23.052
04/09/2019 05:15,1.243501859,23.156
04/09/2019 05:30,1.242557351,23.276
04/09/2019 05:45,1.247024258,23.374
04/09/2019 06:00,1.243337518,23.406
04/09/2019 06:15,1.24602719,23.434
04/09/2019 06:30,1.242220043,23.464
04/09/2019 06:45,1.243032464,23.511
04/09/2019 07:00,1.245036545,23.616
04/09/2019 07:15,1.240288612,23.666
04/09/2019 07:30,1.24315956,23.828
04/09/2019 07:45,1.243164566,23.99
04/09/2019 08:00,1.242699093,24.089
04/09/2019 08:15,1.243457035,24.178
04/09/2019 08:30,1.245734982,24.283
04/09/2019 08:45,1.243879406,24.358
04/09/2019 09:00,1.241680215,24.395
04/09/2019 09:15,1.243962301,24.437
04/09/2019 09:30,1.240522913,24.444
04/09/2019 09:45,1.241522766,24.507
04/09/2019 10:00,1.241276715,24.596
04/09/2019 10:15,1.239359651,24.705
04/09/2019 10:30,1.24280533,24.825
04/09/2019 10:45,1.243606521,24.979
04/09/2019 11:00,1.241243791,25.095
04/09/2019 11:15,1.244728266,25.103
04/09/2019 11:30,1.241928883,25.08
04/09/2019 11:45,1.242141946,25.094
04/09/2019 12:00,1.240955408,25.094
04/09/2019 12:15,1.240539429,25.088
04/09/2019 12:30,1.238799085,25.107
04/09/2019 12:45,1.241145145,25.097
04/09/2019 13:00,1.240101038,25.046
04/09/2019 13:15,1.23877676,25.019
04/09/2019 13:30,1.238776292,24.982
04/09/2019 13:45,1.236419439,24.938
04/09/2019 14:00,1.237687101,24.916
04/09/2019 14:15,1.23461095,24.874
04/09/2019 14:30,1.237879407,24.849
04/09/2019 14:45,1.234572222,24.835
04/09/2019 15:00,1.235044434,24.801
04/09/2019 15:15,1.233984009,24.747
04/09/2019 15:30,1.235988758,24.686
04/09/2019 15:45,1.234499906,24.617
04/09/2019 16:00,1.234665014,24.545
04/09/2019 16:15,1.232627327,24.459
04/09/2019 16:30,1.231896768,24.37
04/09/2019 16:45,1.230837079,24.296
04/09/2019 17:00,1.229852158,24.224
04/09/2019 17:15,1.228511092,24.157
04/09/2019 17:30,1.228210346,24.095
04/09/2019 17:45,1.226875638,24.004
04/09/2019 18:00,1.227400761,23.921
04/09/2019 18:15,1.226430592,23.845
04/09/2019 18:30,1.223636915,23.766
04/09/2019 18:45,1.223513641,23.693
04/09/2019 19:00,1.223700507,23.625
04/09/2019 19:15,1.220694419,23.564
04/09/2019 19:30,1.220963063,23.506
04/09/2019 19:45,1.222009088,23.455
04/09/2019 20:00,1.221642148,23.406
04/09/2019 20:15,1.219689008,23.354
04/09/2019 20:30,1.221439581,23.305
04/09/2019 20:45,1.219298276,23.257
04/09/2019 21:00,1.217376206,23.204
04/09/2019 21:15,1.219141528,23.151
04/09/2019 21:30,1.219437185,23.103
04/09/2019 21:45,1.216961494,23.064
04/09/2019 22:00,1.218634993,23.026
04/09/2019 22:15,1.217887847,22.991
04/09/2019 22:30,1.216352258,22.952
04/09/2019 22:45,1.215183692,22.91
04/09/2019 23:00,1.214115525,22.868
04/09/2019 23:15,1.213680823,22.825
04/09/2019 23:30,1.214908842,22.789
04/09/2019 23:45,1.214656317,22.756
05/09/2019 00:00,1.214807325,22.72
05/09/2019 00:15,1.213375822,22.68
05/09/2019 00:30,1.213121729,22.64
05/09/2019 00:45,1.212358263,22.602
05/09/2019 01:00,1.211700455,22.57
05/09/2019 01:15,1.211626786,22.538
05/09/2019 01:30,1.210591073,22.507
05/09/2019 01:45,1.20918465,22.48
05/09/2019 02:00,1.210193248,22.454
05/09/2019 02:15,1.207246262,22.424
05/09/2019 02:30,1.206122597,22.402
05/09/2019 02:45,1.208258731,22.392
05/09/2019 03:00,1.209457716,22.401
05/09/2019 03:15,1.206719003,22.416
05/09/2019 03:30,1.207520812,22.404
05/09/2019 03:45,1.207033199,22.41
05/09/2019 04:00,1.206646635,22.448
05/09/2019 04:15,1.206459769,22.516
05/09/2019 04:30,1.206597061,22.605
05/09/2019 04:45,1.207166,22.671
05/09/2019 05:00,1.207188977,22.791
05/09/2019 05:15,1.207965273,22.927
05/09/2019 05:30,1.210465026,22.957
05/09/2019 05:45,1.210874481,23.091
05/09/2019 06:00,1.209264338,23.243
05/09/2019 06:15,1.210889915,23.317
05/09/2019 06:30,1.212467102,23.466
05/09/2019 06:45,1.208585937,23.573
05/09/2019 07:00,1.210687979,23.696
05/09/2019 07:15,1.210212464,23.82
05/09/2019 07:30,1.206850714,23.9
05/09/2019 07:45,1.201816734,23.884
05/09/2019 08:00,1.202754349,23.902
05/09/2019 08:15,1.202557172,24.052
05/09/2019 08:30,1.205839311,24.251
05/09/2019 08:45,1.207693184,24.471
05/09/2019 09:00,1.209082854,24.656
05/09/2019 09:15,1.210572741,24.846
05/09/2019 09:30,1.210238271,24.907
05/09/2019 09:45,1.211865333,25.04
05/09/2019 10:00,1.212457033,25.033
05/09/2019 10:15,1.213641833,25.13
05/09/2019 10:30,1.213416406,25.055
05/09/2019 10:45,1.214340674,25.188
05/09/2019 11:00,1.216077829,25.405
05/09/2019 11:15,1.217659621,25.528
05/09/2019 11:30,1.21652169,25.646
05/09/2019 11:45,1.219115401,25.752
05/09/2019 12:00,1.21877439,25.842
05/09/2019 12:15,1.222362001,25.676
05/09/2019 12:30,1.217255471,25.697
05/09/2019 12:45,1.216032692,25.64
05/09/2019 13:00,1.218990992,25.511
05/09/2019 13:15,1.223144322,25.449
05/09/2019 13:30,1.224396485,25.352
05/09/2019 13:45,1.230829681,25.293
05/09/2019 14:00,1.238330576,25.239
05/09/2019 14:15,1.236337793,25.173
05/09/2019 14:30,1.236937502,25.097
05/09/2019 14:45,1.236489068,25.08
05/09/2019 15:00,1.234298889,24.971
05/09/2019 15:15,1.232513078,24.886
05/09/2019 15:30,1.228167676,24.76
05/09/2019 15:45,1.223929048,24.709
05/09/2019 16:00,1.224040594,24.654
05/09/2019 16:15,1.220477747,24.593
05/09/2019 16:30,1.220887904,24.509
05/09/2019 16:45,1.219306579,24.423
05/09/2019 17:00,1.212932268,24.32
05/09/2019 17:15,1.211007245,24.248
05/09/2019 17:30,1.209743069,24.175
05/09/2019 17:45,1.209157161,24.074
05/09/2019 18:00,1.208530687,23.984
05/09/2019 18:15,1.208035683,23.893
05/09/2019 18:30,1.208218027,23.799
05/09/2019 18:45,1.205625149,23.72
05/09/2019 19:00,1.203929324,23.67
05/09/2019 19:15,1.203111465,23.622
05/09/2019 19:30,1.201621877,23.573
05/09/2019 19:45,1.203758095,23.511
05/09/2019 20:00,1.202774559,23.451
05/09/2019 20:15,1.200960814,23.381
05/09/2019 20:30,1.204066636,23.311
05/09/2019 20:45,1.202817393,23.229
05/09/2019 21:00,1.201010473,23.172
05/09/2019 21:15,1.201355088,23.133
05/09/2019 21:30,1.201869248,23.1
05/09/2019 21:45,1.202430614,23.074
05/09/2019 22:00,1.203268931,23.062
05/09/2019 22:15,1.203203657,23.05
05/09/2019 22:30,1.202112814,23.029
05/09/2019 22:45,1.202893599,22.993
05/09/2019 23:00,1.201600573,22.96
05/09/2019 23:15,1.20080991,22.917
05/09/2019 23:30,1.201612637,22.88
05/09/2019 23:45,1.202702179,22.837
06/09/2019 00:00,1.202106508,22.803
06/09/2019 00:15,1.203197801,22.762
06/09/2019 00:30,1.201434215,22.718
06/09/2019 00:45,1.202058086,22.68
06/09/2019 01:00,1.201999167,22.644
06/09/2019 01:15,1.200432324,22.611
06/09/2019 01:30,1.203140887,22.572
06/09/2019 01:45,1.204376463,22.529
06/09/2019 02:00,1.204416376,22.486
06/09/2019 02:15,1.202891666,22.449
06/09/2019 02:30,1.204907944,22.422
06/09/2019 02:45,1.20664128,22.395
06/09/2019 03:00,1.203045894,22.375
06/09/2019 03:15,1.2033966,22.369
06/09/2019 03:30,1.204373211,22.369
06/09/2019 03:45,1.205018572,22.392
06/09/2019 04:00,1.203996608,22.434
06/09/2019 04:15,1.207392864,22.508
06/09/2019 04:30,1.203647771,22.588
06/09/2019 04:45,1.205809919,22.665
06/09/2019 05:00,1.204358708,22.764
06/09/2019 05:15,1.205461465,22.908
06/09/2019 05:30,1.204645205,23.065
06/09/2019 05:45,1.204730319,23.183
06/09/2019 06:00,1.205838315,23.234
06/09/2019 06:15,1.20360814,23.22
06/09/2019 06:30,1.204883845,23.327
06/09/2019 06:45,1.206174869,23.514
06/09/2019 07:00,1.205903538,23.496
06/09/2019 07:15,1.209406482,23.697
06/09/2019 07:30,1.206082811,23.784
06/09/2019 07:45,1.207604217,23.911
06/09/2019 08:00,1.20874345,23.857
06/09/2019 08:15,1.207326147,23.828
06/09/2019 08:30,1.209565749,23.983
06/09/2019 08:45,1.208478159,24.122
06/09/2019 09:00,1.208321895,24.152
06/09/2019 09:15,1.211545734,24.149
06/09/2019 09:30,1.210694701,24.209
06/09/2019 09:45,1.211160823,24.142
06/09/2019 10:00,1.208501485,24.133
06/09/2019 10:15,1.209830104,24.191
06/09/2019 10:30,1.209889938,24.202
06/09/2019 10:45,1.212526784,24.227
06/09/2019 11:00,1.210371678,24.356
06/09/2019 11:15,1.211885976,24.428
06/09/2019 11:30,1.213534413,24.476
06/09/2019 11:45,1.211934933,24.437
06/09/2019 12:00,1.212471202,24.299
06/09/2019 12:15,1.210477683,24.253
06/09/2019 12:30,1.21140055,24.275
06/09/2019 12:45,1.211357684,24.299
06/09/2019 13:00,1.212147044,24.278
06/09/2019 13:15,1.209864225,24.256
06/09/2019 13:30,1.209343324,24.224
06/09/2019 13:45,1.210525423,24.146
06/09/2019 14:00,1.208523512,24.08
06/09/2019 14:15,1.207568742,24.032
06/09/2019 14:30,1.209925764,23.972
06/09/2019 14:45,1.211200253,23.963
06/09/2019 15:00,1.209405047,23.935
06/09/2019 15:15,1.210154762,23.9
06/09/2019 15:30,1.211094949,23.848
06/09/2019 15:45,1.209966947,23.795
06/09/2019 16:00,1.208138084,23.739
06/09/2019 16:15,1.209503011,23.703
06/09/2019 16:30,1.211660069,23.67
06/09/2019 16:45,1.213320386,23.643
06/09/2019 17:00,1.212368754,23.609
06/09/2019 17:15,1.214906201,23.557
06/09/2019 17:30,1.209481954,23.481
06/09/2019 17:45,1.208349897,23.439
06/09/2019 18:00,1.212172896,23.375
06/09/2019 18:15,1.214181516,23.308
06/09/2019 18:30,1.214669397,23.245
06/09/2019 18:45,1.213679687,23.204
06/09/2019 19:00,1.21481892,23.15
06/09/2019 19:15,1.214260859,23.086
06/09/2019 19:30,1.212341276,23.015
06/09/2019 19:45,1.212212378,22.946
06/09/2019 20:00,1.212548415,22.892
06/09/2019 20:15,1.211089164,22.862
06/09/2019 20:30,1.209970939,22.841
06/09/2019 20:45,1.211956333,22.81
06/09/2019 21:00,1.213304756,22.776
06/09/2019 21:15,1.214260527,22.747
06/09/2019 21:30,1.21346581,22.715
06/09/2019 21:45,1.217304208,22.679
06/09/2019 22:00,1.216221108,22.646
06/09/2019 22:15,1.220504988,22.608
06/09/2019 22:30,1.218124991,22.548
06/09/2019 22:45,1.2164441,22.489
06/09/2019 23:00,1.217331458,22.434
06/09/2019 23:15,1.217190945,22.383
06/09/2019 23:30,1.216378524,22.336
06/09/2019 23:45,1.21894861,22.29
07/09/2019 00:00,1.217433209,22.248
07/09/2019 00:15,1.213564926,22.203
07/09/2019 00:30,1.213137416,22.163
07/09/2019 00:45,1.210740182,22.125
07/09/2019 01:00,1.21088031,22.087
07/09/2019 01:15,1.212038997,22.05
07/09/2019 01:30,1.211538287,22.015
07/09/2019 01:45,1.210661424,21.983
07/09/2019 02:00,1.211504347,21.945
07/09/2019 02:15,1.212091526,21.912
07/09/2019 02:30,1.211997667,21.883
07/09/2019 02:45,1.212823538,21.862
07/09/2019 03:00,1.213503189,21.846
07/09/2019 03:15,1.213205313,21.855
07/09/2019 03:30,1.215383394,21.846
07/09/2019 03:45,1.21335919,21.89
07/09/2019 04:00,1.21540894,21.896
07/09/2019 04:15,1.215060921,21.978
07/09/2019 04:30,1.213930733,22.084
07/09/2019 04:45,1.213885946,22.21
07/09/2019 05:00,1.21663075,22.228
07/09/2019 05:15,1.214248098,22.29
07/09/2019 05:30,1.21518276,22.289
07/09/2019 05:45,1.216446019,22.387
07/09/2019 06:00,1.220436844,22.525
07/09/2019 06:15,1.215662045,22.659
07/09/2019 06:30,1.215873006,22.78
07/09/2019 06:45,1.216482242,22.892
07/09/2019 07:00,1.220303621,23.071
07/09/2019 07:15,1.218082971,23.245
07/09/2019 07:30,1.221964436,23.279
07/09/2019 07:45,1.221316121,23.237
07/09/2019 08:00,1.223479837,23.321
07/09/2019 08:15,1.223006156,23.395
07/09/2019 08:30,1.224478422,23.518
07/09/2019 08:45,1.22464865,23.754
07/09/2019 09:00,1.22735606,23.995
07/09/2019 09:15,1.222129774,24.046
07/09/2019 09:30,1.226482534,24.071
07/09/2019 09:45,1.222969776,24.187
07/09/2019 10:00,1.225681859,24.251
07/09/2019 10:15,1.221499462,24.16
07/09/2019 10:30,1.222434042,24.211
07/09/2019 10:45,1.222464109,24.287
07/09/2019 11:00,1.223855966,24.313
07/09/2019 11:15,1.22640828,24.403
07/09/2019 11:30,1.2253865,24.44
07/09/2019 11:45,1.225047592,24.423
07/09/2019 12:00,1.225891166,24.417
07/09/2019 12:15,1.225734068,24.42
07/09/2019 12:30,1.222308045,24.411
07/09/2019 12:45,1.222285819,24.37
07/09/2019 13:00,1.221434486,24.289
07/09/2019 13:15,1.223548945,24.223
07/09/2019 13:30,1.224214114,24.154
07/09/2019 13:45,1.223156643,24.119
07/09/2019 14:00,1.223860539,24.089
07/09/2019 14:15,1.22219505,24.058
07/09/2019 14:30,1.222370953,24.04
07/09/2019 14:45,1.222370119,24.013
07/09/2019 15:00,1.221606653,23.975
07/09/2019 15:15,1.221312181,23.941
07/09/2019 15:30,1.220954735,23.882
07/09/2019 15:45,1.214560702,23.819
07/09/2019 16:00,1.217821316,23.759
07/09/2019 16:15,1.215464829,23.705
07/09/2019 16:30,1.216972654,23.655
07/09/2019 16:45,1.21907937,23.601
07/09/2019 17:00,1.214877434,23.545
07/09/2019 17:15,1.215576626,23.494
07/09/2019 17:30,1.211498416,23.449
07/09/2019 17:45,1.212276249,23.394
07/09/2019 18:00,1.210197081,23.344
07/09/2019 18:15,1.21161013,23.29
07/09/2019 18:30,1.21033434,23.235
07/09/2019 18:45,1.210781657,23.183
07/09/2019 19:00,1.210004177,23.129
07/09/2019 19:15,1.211274878,23.074
07/09/2019 19:30,1.207864706,23.031
07/09/2019 19:45,1.210204492,22.993
07/09/2019 20:00,1.206292691,22.94
07/09/2019 20:15,1.202634333,22.895
07/09/2019 20:30,1.204264133,22.854
07/09/2019 20:45,1.200706173,22.809
07/09/2019 21:00,1.202934864,22.764
07/09/2019 21:15,1.201196357,22.733
07/09/2019 21:30,1.200660706,22.705
07/09/2019 21:45,1.201200495,22.67
07/09/2019 22:00,1.202800794,22.637
07/09/2019 22:15,1.20461664,22.6
07/09/2019 22:30,1.207346777,22.57
07/09/2019 22:45,1.209547535,22.54
07/09/2019 23:00,1.210147161,22.516
07/09/2019 23:15,1.212079543,22.487
07/09/2019 23:30,1.214026675,22.454
07/09/2019 23:45,1.218217163,22.424
08/09/2019 00:00,1.224707893,22.389
08/09/2019 00:15,1.22426932,22.352
08/09/2019 00:30,1.229398526,22.31
08/09/2019 00:45,1.234327118,22.263
08/09/2019 01:00,1.235309253,22.212
08/09/2019 01:15,1.23670755,22.162
08/09/2019 01:30,1.238691375,22.124
08/09/2019 01:45,1.234399186,22.09
08/09/2019 02:00,1.232392302,22.06
08/09/2019 02:15,1.233424226,22.045
08/09/2019 02:30,1.22779154,22.028
08/09/2019 02:45,1.227471253,22.001
08/09/2019 03:00,1.226098667,21.997
08/09/2019 03:15,1.222520251,22.012
08/09/2019 03:30,1.223053601,22.053
08/09/2019 03:45,1.220795309,22.059
08/09/2019 04:00,1.220256437,22.069
08/09/2019 04:15,1.219254848,22.103
08/09/2019 04:30,1.220431339,22.128
08/09/2019 04:45,1.221116246,22.118
08/09/2019 05:00,1.220743967,22.115
08/09/2019 05:15,1.222136559,22.121
08/09/2019 05:30,1.22197624,22.162
08/09/2019 05:45,1.222421286,22.321
08/09/2019 06:00,1.224509229,22.48
08/09/2019 06:15,1.227539028,22.641
08/09/2019 06:30,1.228958933,22.798
08/09/2019 06:45,1.232428472,22.815
08/09/2019 07:00,1.232574308,22.721
08/09/2019 07:15,1.230481308,22.65
08/09/2019 07:30,1.233097213,22.599
08/09/2019 07:45,1.236772157,22.59
08/09/2019 08:00,1.239986419,22.649
08/09/2019 08:15,1.244358466,22.795
08/09/2019 08:30,1.251073988,22.902
08/09/2019 08:45,1.252991835,23.07
08/09/2019 09:00,1.255204889,23.252
08/09/2019 09:15,1.259701266,23.144
08/09/2019 09:30,1.264974589,23.204
08/09/2019 09:45,1.265628877,23.133
08/09/2019 10:00,1.267912181,23.291
08/09/2019 10:15,1.271953529,23.445
08/09/2019 10:30,1.2750744,23.512
08/09/2019 10:45,1.275277502,23.499
08/09/2019 11:00,1.27434928,23.424
08/09/2019 11:15,1.275025711,23.446
08/09/2019 11:30,1.277543969,23.32
08/09/2019 11:45,1.277315589,23.226
08/09/2019 12:00,1.281268221,23.211
08/09/2019 12:15,1.278670372,23.168
08/09/2019 12:30,1.283619536,23.207
08/09/2019 12:45,1.283052732,23.232
08/09/2019 13:00,1.282186298,23.264
08/09/2019 13:15,1.283328584,23.276
08/09/2019 13:30,1.287309798,23.278
08/09/2019 13:45,1.283999658,23.245
08/09/2019 14:00,1.284789555,23.11
08/09/2019 14:15,1.287766776,23.112
08/09/2019 14:30,1.287718087,23.046
08/09/2019 14:45,1.291018349,23
08/09/2019 15:00,1.294170172,22.92
08/09/2019 15:15,1.293002607,22.801
08/09/2019 15:30,1.293860465,22.754
08/09/2019 15:45,1.288175033,22.682
08/09/2019 16:00,1.289237376,22.634
08/09/2019 16:15,1.287466048,22.602
08/09/2019 16:30,1.290963053,22.567
08/09/2019 16:45,1.287511401,22.56
08/09/2019 17:00,1.287617974,22.541
08/09/2019 17:15,1.285991479,22.492
08/09/2019 17:30,1.285986123,22.439
08/09/2019 17:45,1.287751445,22.386
08/09/2019 18:00,1.292865068,22.321
08/09/2019 18:15,1.290172626,22.269
08/09/2019 18:30,1.291543542,22.219
08/09/2019 18:45,1.290773252,22.168
08/09/2019 19:00,1.295398344,22.134
08/09/2019 19:15,1.299958994,22.115
08/09/2019 19:30,1.301067991,22.089
08/09/2019 19:45,1.302088386,22.04
08/09/2019 20:00,1.300387122,21.989
08/09/2019 20:15,1.30288262,21.936
08/09/2019 20:30,1.307416807,21.892
08/09/2019 20:45,1.305603713,21.854
08/09/2019 21:00,1.305099865,21.805
08/09/2019 21:15,1.304157727,21.761
08/09/2019 21:30,1.305117369,21.726
08/09/2019 21:45,1.305357713,21.693
08/09/2019 22:00,1.308922296,21.657
08/09/2019 22:15,1.305827706,21.62
08/09/2019 22:30,1.305447402,21.587
08/09/2019 22:45,1.309690902,21.555
08/09/2019 23:00,1.310089912,21.526
08/09/2019 23:15,1.308928355,21.492
08/09/2019 23:30,1.308874877,21.457
08/09/2019 23:45,1.312501598,21.419
09/09/2019 00:00,1.3139176,21.384
09/09/2019 00:15,1.31444808,21.354
09/09/2019 00:30,1.314531509,21.319
09/09/2019 00:45,1.316956944,21.285
09/09/2019 01:00,1.317306814,21.252
09/09/2019 01:15,1.323257102,21.22
09/09/2019 01:30,1.319368445,21.183
09/09/2019 01:45,1.321755068,21.162
09/09/2019 02:00,1.321251871,21.145
09/09/2019 02:15,1.320376393,21.125
09/09/2019 02:30,1.322590984,21.116
09/09/2019 02:45,1.327065252,21.113
09/09/2019 03:00,1.327661656,21.127
09/09/2019 03:15,1.326282897,21.142
09/09/2019 03:30,1.327582932,21.183
09/09/2019 03:45,1.318576781,21.217
09/09/2019 04:00,1.31955109,21.23
09/09/2019 04:15,1.31867396,21.255
09/09/2019 04:30,1.322040798,21.285
09/09/2019 04:45,1.323005612,21.308
09/09/2019 05:00,1.327624446,21.345
09/09/2019 05:15,1.332804376,21.413
09/09/2019 05:30,1.325106921,21.451
09/09/2019 05:45,1.329191404,21.524
09/09/2019 06:00,1.332830957,21.584
09/09/2019 06:15,1.333609823,21.65
09/09/2019 06:30,1.340659262,21.711
09/09/2019 06:45,1.339984967,21.78
09/09/2019 07:00,1.33571814,21.801
09/09/2019 07:15,1.339073632,21.792
09/09/2019 07:30,1.33619801,21.807
09/09/2019 07:45,1.342067739,21.881
09/09/2019 08:00,1.342428137,21.959
09/09/2019 08:15,1.343553753,22.077
09/09/2019 08:30,1.337223177,22.175
09/09/2019 08:45,1.34527973,22.151
09/09/2019 09:00,1.343229245,22.165
09/09/2019 09:15,1.343294605,22.125
09/09/2019 09:30,1.339254772,22.228
09/09/2019 09:45,1.343012259,22.407
09/09/2019 10:00,1.343542472,22.434
09/09/2019 10:15,1.347947408,22.43
09/09/2019 10:30,1.344885456,22.399
09/09/2019 10:45,1.341352293,22.325
09/09/2019 11:00,1.341459433,22.39
09/09/2019 11:15,1.344079692,22.469
09/09/2019 11:30,1.343025474,22.594
09/09/2019 11:45,1.344193306,22.656
09/09/2019 12:00,1.341354194,22.671
09/09/2019 12:15,1.339952291,22.67
09/09/2019 12:30,1.339968611,22.673
09/09/2019 12:45,1.336584536,22.665
09/09/2019 13:00,1.339374508,22.646
09/09/2019 13:15,1.339604157,22.606
09/09/2019 13:30,1.335704621,22.567
09/09/2019 13:45,1.338830546,22.546
09/09/2019 14:00,1.334209411,22.522
09/09/2019 14:15,1.334470779,22.513
09/09/2019 14:30,1.334498895,22.493
09/09/2019 14:45,1.334505987,22.449
09/09/2019 15:00,1.330730911,22.401
09/09/2019 15:15,1.330815076,22.346
09/09/2019 15:30,1.3249188,22.299
09/09/2019 15:45,1.325279733,22.263
09/09/2019 16:00,1.325399672,22.228
09/09/2019 16:15,1.324316572,22.195
09/09/2019 16:30,1.321510547,22.154
09/09/2019 16:45,1.323292189,22.104
09/09/2019 17:00,1.321364679,22.05
09/09/2019 17:15,1.320294761,22.006
09/09/2019 17:30,1.320053116,21.975
09/09/2019 17:45,1.315795131,21.954
09/09/2019 18:00,1.315182407,21.937
09/09/2019 18:15,1.320221176,21.922
09/09/2019 18:30,1.317240818,21.906
09/09/2019 18:45,1.317573636,21.89
09/09/2019 19:00,1.31699899,21.88
09/09/2019 19:15,1.31985442,21.868
09/09/2019 19:30,1.31578774,21.857
09/09/2019 19:45,1.316321173,21.846
09/09/2019 20:00,1.316239579,21.831
09/09/2019 20:15,1.312644011,21.816
09/09/2019 20:30,1.314369603,21.801
09/09/2019 20:45,1.312486262,21.787
09/09/2019 21:00,1.309947513,21.775
09/09/2019 21:15,1.313158905,21.763
09/09/2019 21:30,1.310599966,21.754
09/09/2019 21:45,1.308539338,21.746
09/09/2019 22:00,1.311785119,21.742
09/09/2019 22:15,1.309802947,21.735
09/09/2019 22:30,1.307307715,21.731
09/09/2019 22:45,1.306880856,21.723
09/09/2019 23:00,1.306202121,21.714
09/09/2019 23:15,1.309303987,21.702
09/09/2019 23:30,1.310012405,21.698
09/09/2019 23:45,1.307484353,21.693
10/09/2019 00:00,1.308371628,21.69
10/09/2019 00:15,1.307641451,21.69
10/09/2019 00:30,1.309174821,21.69
10/09/2019 00:45,1.30766164,21.687
10/09/2019 01:00,1.312745679,21.682
10/09/2019 01:15,1.30801253,21.676
10/09/2019 01:30,1.314580798,21.667
10/09/2019 01:45,1.31291439,21.661
10/09/2019 02:00,1.315528642,21.655
10/09/2019 02:15,1.317173291,21.657
10/09/2019 02:30,1.318288379,21.664
10/09/2019 02:45,1.320184719,21.672
10/09/2019 03:00,1.318086847,21.684
10/09/2019 03:15,1.320064964,21.702
10/09/2019 03:30,1.319641241,21.708
10/09/2019 03:45,1.317762422,21.72
10/09/2019 04:00,1.32072259,21.739
10/09/2019 04:15,1.320075576,21.761
10/09/2019 04:30,1.321441804,21.789
10/09/2019 04:45,1.324555199,21.811
10/09/2019 05:00,1.324703637,21.845
10/09/2019 05:15,1.325823246,21.878
10/09/2019 05:30,1.327703918,21.915
10/09/2019 05:45,1.330833631,21.94
10/09/2019 06:00,1.334073706,21.992
10/09/2019 06:15,1.335127306,22.033
10/09/2019 06:30,1.333959124,22.08
10/09/2019 06:45,1.34104055,22.115
10/09/2019 07:00,1.341547437,22.131
10/09/2019 07:15,1.34884266,22.16
10/09/2019 07:30,1.348099953,22.203
10/09/2019 07:45,1.352221028,22.224
10/09/2019 08:00,1.358279842,22.269
10/09/2019 08:15,1.358776498,22.315
10/09/2019 08:30,1.360110087,22.337
10/09/2019 08:45,1.364713987,22.383
10/09/2019 09:00,1.359242002,22.414
10/09/2019 09:15,1.356322864,22.421
10/09/2019 09:30,1.343030798,22.449
10/09/2019 09:45,1.353340587,22.507
10/09/2019 10:00,1.348750436,22.534
10/09/2019 10:15,1.350481935,22.557
10/09/2019 10:30,1.356607675,22.569
10/09/2019 10:45,1.351932059,22.587
10/09/2019 11:00,1.356810509,22.613
10/09/2019 11:15,1.35445514,22.628
10/09/2019 11:30,1.363390308,22.638
10/09/2019 11:45,1.366621155,22.643
10/09/2019 12:00,1.356076462,22.619
10/09/2019 12:15,1.362250509,22.608
10/09/2019 12:30,1.365580187,22.606
10/09/2019 12:45,1.371369322,22.588
10/09/2019 13:00,1.368410723,22.576
10/09/2019 13:15,1.378051356,22.563
10/09/2019 13:30,1.379031838,22.557
10/09/2019 13:45,1.369899009,22.561
10/09/2019 14:00,1.375435351,22.567
10/09/2019 14:15,1.370728015,22.554
10/09/2019 14:30,1.373202406,22.529
10/09/2019 14:45,1.373834487,22.516
10/09/2019 15:00,1.377750608,22.501
10/09/2019 15:15,1.376927958,22.484
10/09/2019 15:30,1.384310484,22.472
10/09/2019 15:45,1.379427979,22.457
10/09/2019 16:00,1.381819858,22.442
10/09/2019 16:15,1.374847223,22.427
10/09/2019 16:30,1.37801141,22.408
10/09/2019 16:45,1.379483377,22.39
10/09/2019 17:00,1.372684159,22.375
10/09/2019 17:15,1.379944526,22.359
10/09/2019 17:30,1.377988351,22.34
10/09/2019 17:45,1.373777754,22.321
10/09/2019 18:00,1.378221686,22.299
10/09/2019 18:15,1.381011843,22.275
10/09/2019 18:30,1.372183064,22.251
10/09/2019 18:45,1.376338613,22.228
10/09/2019 19:00,1.372228416,22.209
10/09/2019 19:15,1.371104752,22.187
10/09/2019 19:30,1.375002987,22.162
10/09/2019 19:45,1.372503051,22.137
10/09/2019 20:00,1.377624332,22.112
10/09/2019 20:15,1.368554742,22.084
10/09/2019 20:30,1.368795085,22.051
10/09/2019 20:45,1.36811183,22.016
10/09/2019 21:00,1.364549633,21.987
10/09/2019 21:15,1.364572309,21.966
10/09/2019 21:30,1.365237211,21.954
10/09/2019 21:45,1.36858551,21.942
10/09/2019 22:00,1.363462012,21.928
10/09/2019 22:15,1.359950522,21.91
10/09/2019 22:30,1.357315429,21.887
10/09/2019 22:45,1.359667663,21.858
10/09/2019 23:00,1.358266496,21.837
10/09/2019 23:15,1.358095564,21.819
10/09/2019 23:30,1.356659456,21.805
10/09/2019 23:45,1.357087049,21.793
11/09/2019 00:00,1.353902206,21.778
11/09/2019 00:15,1.349194686,21.77
11/09/2019 00:30,1.349277198,21.76
11/09/2019 00:45,1.349526119,21.742
11/09/2019 01:00,1.344589218,21.717
11/09/2019 01:15,1.350079091,21.696
11/09/2019 01:30,1.34674102,21.678
11/09/2019 01:45,1.338884981,21.66
11/09/2019 02:00,1.341428518,21.641
11/09/2019 02:15,1.342407615,21.623
11/09/2019 02:30,1.341688318,21.625
11/09/2019 02:45,1.338801167,21.606
11/09/2019 03:00,1.336935898,21.597
11/09/2019 03:15,1.350213863,21.605
11/09/2019 03:30,1.334797461,21.62
11/09/2019 03:45,1.338264515,21.655
11/09/2019 04:00,1.334036599,21.71
11/09/2019 04:15,1.329023192,21.78
11/09/2019 04:30,1.33681277,21.868
11/09/2019 04:45,1.333870138,21.968
11/09/2019 05:00,1.33760143,22.065
11/09/2019 05:15,1.332754165,22.184
11/09/2019 05:30,1.327491103,22.292
11/09/2019 05:45,1.329723231,22.402
11/09/2019 06:00,1.329655118,22.517
11/09/2019 06:15,1.329192049,22.65
11/09/2019 06:30,1.330396773,22.801
11/09/2019 06:45,1.33225073,22.969
11/09/2019 07:00,1.334058867,23.142
11/09/2019 07:15,1.332510128,23.312
11/09/2019 07:30,1.330221334,23.403
11/09/2019 07:45,1.329777506,23.36
11/09/2019 08:00,1.328565071,23.419
11/09/2019 08:15,1.334600889,23.792
11/09/2019 08:30,1.331901556,23.878
11/09/2019 08:45,1.33041649,23.855
11/09/2019 09:00,1.33047192,23.986
11/09/2019 09:15,1.332124012,23.835
11/09/2019 09:30,1.329114453,23.968
11/09/2019 09:45,1.327812532,24.227
11/09/2019 10:00,1.329914842,24.293
11/09/2019 10:15,1.328051875,24.271
11/09/2019 10:30,1.329937251,24.329
11/09/2019 10:45,1.325024863,24.233
11/09/2019 11:00,1.32326308,23.941
11/09/2019 11:15,1.326495528,24.151
11/09/2019 11:30,1.326015841,24.14
11/09/2019 11:45,1.327914315,24.239
11/09/2019 12:00,1.32464217,24.265
11/09/2019 12:15,1.328579465,24.618
11/09/2019 12:30,1.324218812,24.808
11/09/2019 12:45,1.327307495,24.807
11/09/2019 13:00,1.324343624,24.69
11/09/2019 13:15,1.327478394,24.627
11/09/2019 13:30,1.324301108,24.605
11/09/2019 13:45,1.321013829,24.546
11/09/2019 14:00,1.32079541,24.479
11/09/2019 14:15,1.316763938,24.404
11/09/2019 14:30,1.318651418,24.355
11/09/2019 14:45,1.31786758,24.325
11/09/2019 15:00,1.31490833,24.281
11/09/2019 15:15,1.312630115,24.233
11/09/2019 15:30,1.312023015,24.212
11/09/2019 15:45,1.309734572,24.194
11/09/2019 16:00,1.31477012,24.217
11/09/2019 16:15,1.312937955,24.251
11/09/2019 16:30,1.312591121,24.251
11/09/2019 16:45,1.310828551,24.229
11/09/2019 17:00,1.312014438,24.197
11/09/2019 17:15,1.308421355,24.164
11/09/2019 17:30,1.307584691,24.131
11/09/2019 17:45,1.305092679,24.089
11/09/2019 18:00,1.304047189,24.026
11/09/2019 18:15,1.303461747,23.962
11/09/2019 18:30,1.301676584,23.909
11/09/2019 18:45,1.304054631,23.873
11/09/2019 19:00,1.303834744,23.846
11/09/2019 19:15,1.300907947,23.813
11/09/2019 19:30,1.299865412,23.769
11/09/2019 19:45,1.302738628,23.72
11/09/2019 20:00,1.298260758,23.672
11/09/2019 20:15,1.297727409,23.631
11/09/2019 20:30,1.295996644,23.588
11/09/2019 20:45,1.295167903,23.538
11/09/2019 21:00,1.293284095,23.487
11/09/2019 21:15,1.291515254,23.437
11/09/2019 21:30,1.293937551,23.389
11/09/2019 21:45,1.287216322,23.338
11/09/2019 22:00,1.287464409,23.293
11/09/2019 22:15,1.285961641,23.255
11/09/2019 22:30,1.283303037,23.226
11/09/2019 22:45,1.282259582,23.207
11/09/2019 23:00,1.28225119,23.187
11/09/2019 23:15,1.283451092,23.171
11/09/2019 23:30,1.282449586,23.153
11/09/2019 23:45,1.282871923,23.135
12/09/2019 00:00,1.277365081,23.121
12/09/2019 00:15,1.279515781,23.112
12/09/2019 00:30,1.275883703,23.097
12/09/2019 00:45,1.273954542,23.088
12/09/2019 01:00,1.276278843,23.074
12/09/2019 01:15,1.274428323,23.061
12/09/2019 01:30,1.275712123,23.047
12/09/2019 01:45,1.273656933,23.04
12/09/2019 02:00,1.270195969,23.038
12/09/2019 02:15,1.269788565,23.047
12/09/2019 02:30,1.271943972,23.059
12/09/2019 02:45,1.267082307,23.073
12/09/2019 03:00,1.271880915,23.086
12/09/2019 03:15,1.265978933,23.095
12/09/2019 03:30,1.266703402,23.151
12/09/2019 03:45,1.267893642,23.249
12/09/2019 04:00,1.26507694,23.3
12/09/2019 04:15,1.262351975,23.388
12/09/2019 04:30,1.264887419,23.49
12/09/2019 04:45,1.266039667,23.529
12/09/2019 05:00,1.262109444,23.58
12/09/2019 05:15,1.261041662,23.627
12/09/2019 05:30,1.26312148,23.709
12/09/2019 05:45,1.26247615,23.884
12/09/2019 06:00,1.263858996,24.056
12/09/2019 06:15,1.265580567,24.25
12/09/2019 06:30,1.263579989,24.446
12/09/2019 06:45,1.261393813,24.576
12/09/2019 07:00,1.25828846,24.683
12/09/2019 07:15,1.260911672,24.781
12/09/2019 07:30,1.260922468,24.835
12/09/2019 07:45,1.260442246,24.938
12/09/2019 08:00,1.263676529,25.098
12/09/2019 08:15,1.263548965,25.291
12/09/2019 08:30,1.266335014,25.528
12/09/2019 08:45,1.265500516,25.784
12/09/2019 09:00,1.269983308,26.046
12/09/2019 09:15,1.264381071,26.194
12/09/2019 09:30,1.264183059,26.317
12/09/2019 09:45,1.265456813,26.328
12/09/2019 10:00,1.265017155,26.42
12/09/2019 10:15,1.265694536,26.615
12/09/2019 10:30,1.269161889,26.791
12/09/2019 10:45,1.266942243,26.888
12/09/2019 11:00,1.269295693,26.975
12/09/2019 11:15,1.268944254,27.001
12/09/2019 11:30,1.268775008,27.136
12/09/2019 11:45,1.271151601,27.239
12/09/2019 12:00,1.269129968,27.213
12/09/2019 12:15,1.270433873,27.248
12/09/2019 12:30,1.270808172,27.196
12/09/2019 12:45,1.272389466,27.084
12/09/2019 13:00,1.270512215,27.103
12/09/2019 13:15,1.270836372,27.124
12/09/2019 13:30,1.268382171,27.146
12/09/2019 13:45,1.26517465,27.152
12/09/2019 14:00,1.26391326,27.202
12/09/2019 14:15,1.263069419,27.265
12/09/2019 14:30,1.26415352,27.221
12/09/2019 14:45,1.264376244,27.121
12/09/2019 15:00,1.261338438,27.029
12/09/2019 15:15,1.258732195,26.966
12/09/2019 15:30,1.25527537,26.901
12/09/2019 15:45,1.254928802,26.844
12/09/2019 16:00,1.253538598,26.773
12/09/2019 16:15,1.253411535,26.654
12/09/2019 16:30,1.255162191,26.553
12/09/2019 16:45,1.254171831,26.48
12/09/2019 17:00,1.254076488,26.392
12/09/2019 17:15,1.252337413,26.277
12/09/2019 17:30,1.25223054,26.155
12/09/2019 17:45,1.250339991,26.039
12/09/2019 18:00,1.250127931,25.948
12/09/2019 18:15,1.246606564,25.851
12/09/2019 18:30,1.248923473,25.74
12/09/2019 18:45,1.246409787,25.642
12/09/2019 19:00,1.246722683,25.572
12/09/2019 19:15,1.244811492,25.521
12/09/2019 19:30,1.24224628,25.484
12/09/2019 19:45,1.242297072,25.443
12/09/2019 20:00,1.244308829,25.39
12/09/2019 20:15,1.239269677,25.316
12/09/2019 20:30,1.242337421,25.239
12/09/2019 20:45,1.241018114,25.176
12/09/2019 21:00,1.241200925,25.119
12/09/2019 21:15,1.238740167,25.071
12/09/2019 21:30,1.238747259,25.027
12/09/2019 21:45,1.238849311,24.982
12/09/2019 22:00,1.240254616,24.94
12/09/2019 22:15,1.238587558,24.902
12/09/2019 22:30,1.238172497,24.871
12/09/2019 22:45,1.236317271,24.837
12/09/2019 23:00,1.236179712,24.805
12/09/2019 23:15,1.238179672,24.775
12/09/2019 23:30,1.234288711,24.751
12/09/2019 23:45,1.234892209,24.721
13/09/2019 00:00,1.234960889,24.69
13/09/2019 00:15,1.235080643,24.66
13/09/2019 00:30,1.233243304,24.636
13/09/2019 00:45,1.229626162,24.612
13/09/2019 01:00,1.23162225,24.588
13/09/2019 01:15,1.228777047,24.57
13/09/2019 01:30,1.23204689,24.557
13/09/2019 01:45,1.228347234,24.543
13/09/2019 02:00,1.221701243,24.531
13/09/2019 02:15,1.22316934,24.519
13/09/2019 02:30,1.222233108,24.513
13/09/2019 02:45,1.220993742,24.51
13/09/2019 03:00,1.218834282,24.509
13/09/2019 03:15,1.22139866,24.519
13/09/2019 03:30,1.218524792,24.536
13/09/2019 03:45,1.220386191,24.551
13/09/2019 04:00,1.21759078,24.569
13/09/2019 04:15,1.217511405,24.593
13/09/2019 04:30,1.215149678,24.632
13/09/2019 04:45,1.215079346,24.708
13/09/2019 05:00,1.215529832,24.868
13/09/2019 05:15,1.214492032,25.043
13/09/2019 05:30,1.215822869,25.14
13/09/2019 05:45,1.217747625,25.269
13/09/2019 06:00,1.216305993,25.306
13/09/2019 06:15,1.217672036,25.339
13/09/2019 06:30,1.216466611,25.406
13/09/2019 06:45,1.217928265,25.47
13/09/2019 07:00,1.216982456,25.526
13/09/2019 07:15,1.220412733,25.618
13/09/2019 07:30,1.222195508,25.736
13/09/2019 07:45,1.220772698,25.857
13/09/2019 08:00,1.222039828,25.949
13/09/2019 08:15,1.224362209,26.037
13/09/2019 08:30,1.225808195,26.13
13/09/2019 08:45,1.223390419,26.204
13/09/2019 09:00,1.226578317,26.285
13/09/2019 09:15,1.225477628,26.383
13/09/2019 09:30,1.227057386,26.462
13/09/2019 09:45,1.227273969,26.579
13/09/2019 10:00,1.228597062,26.688
13/09/2019 10:15,1.228925007,26.755
13/09/2019 10:30,1.227709437,26.8
13/09/2019 10:45,1.230067676,26.856
13/09/2019 11:00,1.226794613,26.907
13/09/2019 11:15,1.231145988,26.92
13/09/2019 11:30,1.229264216,26.913
13/09/2019 11:45,1.22780478,26.888
13/09/2019 12:00,1.228848502,26.85
13/09/2019 12:15,1.226876558,26.813
13/09/2019 12:30,1.227144934,26.812
13/09/2019 12:45,1.230521084,26.837
13/09/2019 13:00,1.228404406,26.864
13/09/2019 13:15,1.227645379,26.904
13/09/2019 13:30,1.22989169,26.926
13/09/2019 13:45,1.227769572,26.952
13/09/2019 14:00,1.229289761,26.963
13/09/2019 14:15,1.227918928,26.961
13/09/2019 14:30,1.228331772,26.953
13/09/2019 14:45,1.227852818,26.922
13/09/2019 15:00,1.228245005,26.88
13/09/2019 15:15,1.227329881,26.846
13/09/2019 15:30,1.225878189,26.809
13/09/2019 15:45,1.22721822,26.755
13/09/2019 16:00,1.2241842,26.709
13/09/2019 16:15,1.226380253,26.658
13/09/2019 16:30,1.22409116,26.608
13/09/2019 16:45,1.222816938,26.56
13/09/2019 17:00,1.222209003,26.512
13/09/2019 17:15,1.22145485,26.469
13/09/2019 17:30,1.221514952,26.423
13/09/2019 17:45,1.223144935,26.377
13/09/2019 18:00,1.222248616,26.328
13/09/2019 18:15,1.221647689,26.288
13/09/2019 18:30,1.219188317,26.252
13/09/2019 18:45,1.220210097,26.215
13/09/2019 19:00,1.21959829,26.173
13/09/2019 19:15,1.218141342,26.13
13/09/2019 19:30,1.218792961,26.082
13/09/2019 19:45,1.217759735,26.033
13/09/2019 20:00,1.216175189,25.985
13/09/2019 20:15,1.215494235,25.937
13/09/2019 20:30,1.215800772,25.891
13/09/2019 20:45,1.214437031,25.845
13/09/2019 21:00,1.214575591,25.8
13/09/2019 21:15,1.212687728,25.76
13/09/2019 21:30,1.212086801,25.72
13/09/2019 21:45,1.211916606,25.682
13/09/2019 22:00,1.210492295,25.645
13/09/2019 22:15,1.208642508,25.612
13/09/2019 22:30,1.209109097,25.582
13/09/2019 22:45,1.209287303,25.551
13/09/2019 23:00,1.207738531,25.523
13/09/2019 23:15,1.208499127,25.49
13/09/2019 23:30,1.206674971,25.455
13/09/2019 23:45,1.206475272,25.425
14/09/2019 00:00,1.206738943,25.403
14/09/2019 00:15,1.206078832,25.384
14/09/2019 00:30,1.2065268,25.364
14/09/2019 00:45,1.20513651,25.345
14/09/2019 01:00,1.204701074,25.322
14/09/2019 01:15,1.203058911,25.302
14/09/2019 01:30,1.201968069,25.281
14/09/2019 01:45,1.201145419,25.264
14/09/2019 02:00,1.201921598,25.254
14/09/2019 02:15,1.202918399,25.251
14/09/2019 02:30,1.198307409,25.249
14/09/2019 02:45,1.198581042,25.254
14/09/2019 03:00,1.198770777,25.257
14/09/2019 03:15,1.197306553,25.263
14/09/2019 03:30,1.197773058,25.285
14/09/2019 03:45,1.200059015,25.321
14/09/2019 04:00,1.197888323,25.427
14/09/2019 04:15,1.198548736,25.587
14/09/2019 04:30,1.198620751,25.664
14/09/2019 04:45,1.199235695,25.72
14/09/2019 05:00,1.201990191,25.822
14/09/2019 05:15,1.201671039,25.963
14/09/2019 05:30,1.200682096,26.1
14/09/2019 05:45,1.202254028,26.243
14/09/2019 06:00,1.2038904,26.371
14/09/2019 06:15,1.200844148,26.509
14/09/2019 06:30,1.205050338,26.648
14/09/2019 06:45,1.20377071,26.797
14/09/2019 07:00,1.205507948,26.962
14/09/2019 07:15,1.205594547,27.139
14/09/2019 07:30,1.206648998,27.306
14/09/2019 07:45,1.208443953,27.49
14/09/2019 08:00,1.211259587,27.667
14/09/2019 08:15,1.211168063,27.823
14/09/2019 08:30,1.212180748,27.984
14/09/2019 08:45,1.212547155,28.147
14/09/2019 09:00,1.211511658,28.309
14/09/2019 09:15,1.2147677,28.473
14/09/2019 09:30,1.215031403,28.649
14/09/2019 09:45,1.217813016,28.808
14/09/2019 10:00,1.218517863,28.951
14/09/2019 10:15,1.221334414,29.103
14/09/2019 10:30,1.219720751,29.152
14/09/2019 10:45,1.223288771,29.271
14/09/2019 11:00,1.219283611,29.424
14/09/2019 11:15,1.22289745,29.538
14/09/2019 11:30,1.22288335,29.574
14/09/2019 11:45,1.22320946,29.691
14/09/2019 12:00,1.223919363,29.746
14/09/2019 12:15,1.222714939,29.736
14/09/2019 12:30,1.223376084,29.876
14/09/2019 12:45,1.221833753,29.772
14/09/2019 13:00,1.224346006,29.561
14/09/2019 13:15,1.222034687,29.47
14/09/2019 13:30,1.220927343,29.451
14/09/2019 13:45,1.219899555,29.403
14/09/2019 14:00,1.220798327,29.236
14/09/2019 14:15,1.218888789,29.14
14/09/2019 14:30,1.220650507,29.036
14/09/2019 14:45,1.21772498,28.869
14/09/2019 15:00,1.216824958,28.722
14/09/2019 15:15,1.214594584,28.614
14/09/2019 15:30,1.212589619,28.482
14/09/2019 15:45,1.214313994,28.351
14/09/2019 16:00,1.214012596,28.257
14/09/2019 16:15,1.211860412,28.207
14/09/2019 16:30,1.211915808,28.14
14/09/2019 16:45,1.210595851,28.045
14/09/2019 17:00,1.209628167,27.951
14/09/2019 17:15,1.21010572,27.871
14/09/2019 17:30,1.209017447,27.78
14/09/2019 17:45,1.206233265,27.691
14/09/2019 18:00,1.208518188,27.606
14/09/2019 18:15,1.204722272,27.529
14/09/2019 18:30,1.205628435,27.459
14/09/2019 18:45,1.205083556,27.384
14/09/2019 19:00,1.200079345,27.303
14/09/2019 19:15,1.198317594,27.209
14/09/2019 19:30,1.195820227,27.114
14/09/2019 19:45,1.19763634,27.02
14/09/2019 20:00,1.195544075,26.929
14/09/2019 20:15,1.194809645,26.846
14/09/2019 20:30,1.195084279,26.774
14/09/2019 20:45,1.194194134,26.706
14/09/2019 21:00,1.194769782,26.639
14/09/2019 21:15,1.192085082,26.575
14/09/2019 21:30,1.193069704,26.506
14/09/2019 21:45,1.191708449,26.442
14/09/2019 22:00,1.190798114,26.377
14/09/2019 22:15,1.188847462,26.307
14/09/2019 22:30,1.188045086,26.235
14/09/2019 22:45,1.18685568,26.164
14/09/2019 23:00,1.18531243,26.085
14/09/2019 23:15,1.184174284,26.01
14/09/2019 23:30,1.182480945,25.942
14/09/2019 23:45,1.18164538,25.879
15/09/2019 00:00,1.180406099,25.824
15/09/2019 00:15,1.180269275,25.772
15/09/2019 00:30,1.178316137,25.72
15/09/2019 00:45,1.176894128,25.67
15/09/2019 01:00,1.177147838,25.621
15/09/2019 01:15,1.175200139,25.57
15/09/2019 01:30,1.178002092,25.523
15/09/2019 01:45,1.174243335,25.478
15/09/2019 02:00,1.175816434,25.44
15/09/2019 02:15,1.173831493,25.409
15/09/2019 02:30,1.173925618,25.381
15/09/2019 02:45,1.174961414,25.36
15/09/2019 03:00,1.173578134,25.349
15/09/2019 03:15,1.172544641,25.357
15/09/2019 03:30,1.173352539,25.378
15/09/2019 03:45,1.17329806,25.42
15/09/2019 04:00,1.1739969,25.478
15/09/2019 04:15,1.173002785,25.557
15/09/2019 04:30,1.173676647,25.649
15/09/2019 04:45,1.175147528,25.76
15/09/2019 05:00,1.175308613,25.897
15/09/2019 05:15,1.17571328,26.062
15/09/2019 05:30,1.177259397,26.212
15/09/2019 05:45,1.178791499,26.346
15/09/2019 06:00,1.180062416,26.484
15/09/2019 06:15,1.179863669,26.627
15/09/2019 06:30,1.178993013,26.774
15/09/2019 06:45,1.180498567,26.935
15/09/2019 07:00,1.17926928,27.105
15/09/2019 07:15,1.182666102,27.263
15/09/2019 07:30,1.182922064,27.451
15/09/2019 07:45,1.18436069,27.645
15/09/2019 08:00,1.187407458,27.841
15/09/2019 08:15,1.186896551,28.034
15/09/2019 08:30,1.187745046,28.242
15/09/2019 08:45,1.191117439,28.419
15/09/2019 09:00,1.192771616,28.609
15/09/2019 09:15,1.193212608,28.779
15/09/2019 09:30,1.193117863,28.973
15/09/2019 09:45,1.192926776,29.156
15/09/2019 10:00,1.195298497,29.342
15/09/2019 10:15,1.196612013,29.513
15/09/2019 10:30,1.198657273,29.691
15/09/2019 10:45,1.199905514,29.85
15/09/2019 11:00,1.20056279,29.996
15/09/2019 11:15,1.200653343,30.115
15/09/2019 11:30,1.202324924,30.179
15/09/2019 11:45,1.199624854,30.285
15/09/2019 12:00,1.201797881,30.364
15/09/2019 12:15,1.202845123,30.429
15/09/2019 12:30,1.20386203,30.475
15/09/2019 12:45,1.203208742,30.469
15/09/2019 13:00,1.204319309,30.45
15/09/2019 13:15,1.202553419,30.419
15/09/2019 13:30,1.205272209,30.35
15/09/2019 13:45,1.202165255,30.252
15/09/2019 14:00,1.201954945,30.163
15/09/2019 14:15,1.201637229,30.066
15/09/2019 14:30,1.202635215,29.981
15/09/2019 14:45,1.198910749,29.897
15/09/2019 15:00,1.199472564,29.809
15/09/2019 15:15,1.198969901,29.678
15/09/2019 15:30,1.198885704,29.535
15/09/2019 15:45,1.196827912,29.4
15/09/2019 16:00,1.194793263,29.281
15/09/2019 16:15,1.193338884,29.168
15/09/2019 16:30,1.193930936,29.052
15/09/2019 16:45,1.193767363,28.933
15/09/2019 17:00,1.192850105,28.808
15/09/2019 17:15,1.1907807,28.691
15/09/2019 17:30,1.190065624,28.578
15/09/2019 17:45,1.189031096,28.465
15/09/2019 18:00,1.19008126,28.351
15/09/2019 18:15,1.188321996,28.239
15/09/2019 18:30,1.188223515,28.137
15/09/2019 18:45,1.188829582,28.037
15/09/2019 19:00,1.186900038,27.939
15/09/2019 19:15,1.184512382,27.839
15/09/2019 19:30,1.1850765,27.738
15/09/2019 19:45,1.183623506,27.637
15/09/2019 20:00,1.182092055,27.535
15/09/2019 20:15,1.182504515,27.438
15/09/2019 20:30,1.182665101,27.34
15/09/2019 20:45,1.181446928,27.257
15/09/2019 21:00,1.180500819,27.172
15/09/2019 21:15,1.181520563,27.091
15/09/2019 21:30,1.179851286,27.014
15/09/2019 21:45,1.178019655,26.934
15/09/2019 22:00,1.177768782,26.856
15/09/2019 22:15,1.175816561,26.779
15/09/2019 22:30,1.175229734,26.703
15/09/2019 22:45,1.176707407,26.629
15/09/2019 23:00,1.175189789,26.548
15/09/2019 23:15,1.172854225,26.471
15/09/2019 23:30,1.173450063,26.401
15/09/2019 23:45,1.16992778,26.329
16/09/2019 00:00,1.168795072,26.255
16/09/2019 00:15,1.171488232,26.188
16/09/2019 00:30,1.169455068,26.128
16/09/2019 00:45,1.171786461,26.07
16/09/2019 01:00,1.170330246,26.007
16/09/2019 01:15,1.167924618,25.949
16/09/2019 01:30,1.16800316,25.898
16/09/2019 01:45,1.167440493,25.86
16/09/2019 02:00,1.166939782,25.825
16/09/2019 02:15,1.165573554,25.797
16/09/2019 02:30,1.167250191,25.773
16/09/2019 02:45,1.166166356,25.76
16/09/2019 03:00,1.16500932,25.752
16/09/2019 03:15,1.166049638,25.757
16/09/2019 03:30,1.166237072,25.773
16/09/2019 03:45,1.166029364,25.812
16/09/2019 04:00,1.165129375,25.863
16/09/2019 04:15,1.163717894,25.924
16/09/2019 04:30,1.167791498,25.995
16/09/2019 04:45,1.164802679,26.11
16/09/2019 05:00,1.166268772,26.252
16/09/2019 05:15,1.167824851,26.429
16/09/2019 05:30,1.167143931,26.579
16/09/2019 05:45,1.168352709,26.719
16/09/2019 06:00,1.168988226,26.861
16/09/2019 06:15,1.169011853,27.013
16/09/2019 06:30,1.165789697,27.169
16/09/2019 06:45,1.169044172,27.326
16/09/2019 07:00,1.170503723,27.497
16/09/2019 07:15,1.172697689,27.652
16/09/2019 07:30,1.173190775,27.845
16/09/2019 07:45,1.175751313,28.059
16/09/2019 08:00,1.176714775,28.268
16/09/2019 08:15,1.180112248,28.458
16/09/2019 08:30,1.182587321,28.663
16/09/2019 08:45,1.180117017,28.875
16/09/2019 09:00,1.183391414,29.086
16/09/2019 09:15,1.183636496,29.272
16/09/2019 09:30,1.182943963,29.44
16/09/2019 09:45,1.187091617,29.632
16/09/2019 10:00,1.187685102,29.825
16/09/2019 10:15,1.189134608,30.021
16/09/2019 10:30,1.191626735,30.209
16/09/2019 10:45,1.191988535,30.398
16/09/2019 11:00,1.19238214,30.566
16/09/2019 11:15,1.194261993,30.675
16/09/2019 11:30,1.196383493,30.815
16/09/2019 11:45,1.195127274,30.923
16/09/2019 12:00,1.198396682,31.071
16/09/2019 12:15,1.195648124,31.205
16/09/2019 12:30,1.196623817,31.23
16/09/2019 12:45,1.194920434,31.187
16/09/2019 13:00,1.196264336,31.127
16/09/2019 13:15,1.1955986,31.112
16/09/2019 13:30,1.193668972,31.066
16/09/2019 13:45,1.194498064,31.007
16/09/2019 14:00,1.194769828,30.864
16/09/2019 14:15,1.195013661,30.736
16/09/2019 14:30,1.191605876,30.628
16/09/2019 14:45,1.193307492,30.57
16/09/2019 15:00,1.192531496,30.575
16/09/2019 15:15,1.191644305,30.526
16/09/2019 15:30,1.192734112,30.426
16/09/2019 15:45,1.190398634,30.297
16/09/2019 16:00,1.190263829,30.19
16/09/2019 16:15,1.189499063,30.088
16/09/2019 16:30,1.188025878,29.99
16/09/2019 16:45,1.189194145,29.891
16/09/2019 17:00,1.188321971,29.781
16/09/2019 17:15,1.187415041,29.673
16/09/2019 17:30,1.185179042,29.569
16/09/2019 17:45,1.185255549,29.474
16/09/2019 18:00,1.185191275,29.385
16/09/2019 18:15,1.18347461,29.306
16/09/2019 18:30,1.183349765,29.226
16/09/2019 18:45,1.182573202,29.147
16/09/2019 19:00,1.181418736,29.069
16/09/2019 19:15,1.181896471,28.984
16/09/2019 19:30,1.180997935,28.896
16/09/2019 19:45,1.181676285,28.816
16/09/2019 20:00,1.180640839,28.728
16/09/2019 20:15,1.179269439,28.642
16/09/2019 20:30,1.177959443,28.574
16/09/2019 20:45,1.178967391,28.516
16/09/2019 21:00,1.180170514,28.462
16/09/2019 21:15,1.179051823,28.404
16/09/2019 21:30,1.179775259,28.339
16/09/2019 21:45,1.178217077,28.269
16/09/2019 22:00,1.178809044,28.205
16/09/2019 22:15,1.178084574,28.149
16/09/2019 22:30,1.177322027,28.086
16/09/2019 22:45,1.173854139,28.024
16/09/2019 23:00,1.174805388,27.969
16/09/2019 23:15,1.174108116,27.918
16/09/2019 23:30,1.173425412,27.868
16/09/2019 23:45,1.173406874,27.826
17/09/2019 00:00,1.169744645,27.787
17/09/2019 00:15,1.172805479,27.749
17/09/2019 00:30,1.170665559,27.713
17/09/2019 00:45,1.168642355,27.68
17/09/2019 01:00,1.168931841,27.651
17/09/2019 01:15,1.167067304,27.622
17/09/2019 01:30,1.167040841,27.597
17/09/2019 01:45,1.166433739,27.576
17/09/2019 02:00,1.16878367,27.56
17/09/2019 02:15,1.166911207,27.548
17/09/2019 02:30,1.165648333,27.539
17/09/2019 02:45,1.168032469,27.536
17/09/2019 03:00,1.166825742,27.539
17/09/2019 03:15,1.164892709,27.536
17/09/2019 03:30,1.164487608,27.532
17/09/2019 03:45,1.164339821,27.53
17/09/2019 04:00,1.163681928,27.55
17/09/2019 04:15,1.164363615,27.578
17/09/2019 04:30,1.165405685,27.585
17/09/2019 04:45,1.164098558,27.588
17/09/2019 05:00,1.165381441,27.599
17/09/2019 05:15,1.165575047,27.596
17/09/2019 05:30,1.165925935,27.585
17/09/2019 05:45,1.164949141,27.59
17/09/2019 06:00,1.165140445,27.6
17/09/2019 06:15,1.165189402,27.609
17/09/2019 06:30,1.164218881,27.642
17/09/2019 06:45,1.167950906,27.719
17/09/2019 07:00,1.166912725,27.805
17/09/2019 07:15,1.167574872,27.868
17/09/2019 07:30,1.168435333,27.949
17/09/2019 07:45,1.168691177,27.991
17/09/2019 08:00,1.168411838,28.042
17/09/2019 08:15,1.168574843,28.077
17/09/2019 08:30,1.167514985,28.107
17/09/2019 08:45,1.168029529,28.163
17/09/2019 09:00,1.167854193,28.265
17/09/2019 09:15,1.169698272,28.354
17/09/2019 09:30,1.169873258,28.361
17/09/2019 09:45,1.171291662,28.36
17/09/2019 10:00,1.169506234,28.364
17/09/2019 10:15,1.169459495,28.394
17/09/2019 10:30,1.171846235,28.519
17/09/2019 10:45,1.173190436,28.6
17/09/2019 11:00,1.173411624,28.691
17/09/2019 11:15,1.173236472,28.788
17/09/2019 11:30,1.176365269,28.838
17/09/2019 11:45,1.17776395,28.877
17/09/2019 12:00,1.175715684,28.93
17/09/2019 12:15,1.175425466,28.979
17/09/2019 12:30,1.176644289,29.094
17/09/2019 12:45,1.178605469,29.275
17/09/2019 13:00,1.17952917,29.324
17/09/2019 13:15,1.179368017,29.338
17/09/2019 13:30,1.179607061,29.241
17/09/2019 13:45,1.179723861,29.192
17/09/2019 14:00,1.178251895,29.21
17/09/2019 14:15,1.178215387,29.21
17/09/2019 14:30,1.179036467,29.22
17/09/2019 14:45,1.1768996,29.25
17/09/2019 15:00,1.179450797,29.271
17/09/2019 15:15,1.177117184,29.29
17/09/2019 15:30,1.175529502,29.228
17/09/2019 15:45,1.178977634,29.132
17/09/2019 16:00,1.174831929,29.036
17/09/2019 16:15,1.176385108,28.944
17/09/2019 16:30,1.173126496,28.85
17/09/2019 16:45,1.174718399,28.797
17/09/2019 17:00,1.173895283,28.743
17/09/2019 17:15,1.17317994,28.687
17/09/2019 17:30,1.172884633,28.626
17/09/2019 17:45,1.172970365,28.578
17/09/2019 18:00,1.17066422,28.545
17/09/2019 18:15,1.171264579,28.501
17/09/2019 18:30,1.171155321,28.444
17/09/2019 18:45,1.169814072,28.382
17/09/2019 19:00,1.170214,28.328
17/09/2019 19:15,1.169253793,28.279
17/09/2019 19:30,1.171073511,28.236
17/09/2019 19:45,1.168789856,28.187
17/09/2019 20:00,1.169425525,28.126
17/09/2019 20:15,1.17068221,28.055
17/09/2019 20:30,1.16828294,27.973
17/09/2019 20:45,1.168859505,27.881
17/09/2019 21:00,1.168368373,27.784
17/09/2019 21:15,1.167437014,27.695
17/09/2019 21:30,1.167717272,27.619
17/09/2019 21:45,1.166611761,27.55
17/09/2019 22:00,1.167489993,27.495
17/09/2019 22:15,1.16742637,27.438
17/09/2019 22:30,1.169856593,27.373
17/09/2019 22:45,1.166056621,27.307
17/09/2019 23:00,1.166369517,27.237
17/09/2019 23:15,1.166629401,27.169
17/09/2019 23:30,1.166370785,27.103
17/09/2019 23:45,1.166416872,27.041
18/09/2019 00:00,1.163715853,26.974
18/09/2019 00:15,1.164187232,26.913
18/09/2019 00:30,1.163577728,26.858
18/09/2019 00:45,1.163190598,26.812
18/09/2019 01:00,1.163923995,26.774
18/09/2019 01:15,1.161345785,26.743
18/09/2019 01:30,1.160483489,26.712
18/09/2019 01:45,1.160488278,26.681
18/09/2019 02:00,1.160357727,26.657
18/09/2019 02:15,1.160663347,26.636
18/09/2019 02:30,1.161981352,26.635
18/09/2019 02:45,1.160004803,26.624
18/09/2019 03:00,1.161085685,26.618
18/09/2019 03:15,1.16075517,26.621
18/09/2019 03:30,1.161202218,26.626
18/09/2019 03:45,1.160106587,26.636
18/09/2019 04:00,1.16049602,26.669
18/09/2019 04:15,1.162229004,26.751
18/09/2019 04:30,1.159275577,26.797
18/09/2019 04:45,1.160422385,26.835
18/09/2019 05:00,1.160673524,26.856
18/09/2019 05:15,1.160375646,26.865
18/09/2019 05:30,1.160357675,26.907
18/09/2019 05:45,1.160894712,26.947
18/09/2019 06:00,1.160404062,26.986
18/09/2019 06:15,1.161838334,27.05
18/09/2019 06:30,1.161488464,27.083
18/09/2019 06:45,1.161774361,27.102
18/09/2019 07:00,1.162639142,27.115
18/09/2019 07:15,1.161912837,27.109
18/09/2019 07:30,1.162625126,27.099
18/09/2019 07:45,1.161526542,27.09
18/09/2019 08:00,1.161170213,27.1
18/09/2019 08:15,1.161501379,27.129
18/09/2019 08:30,1.165349655,27.172
18/09/2019 08:45,1.163760053,27.212
18/09/2019 09:00,1.164528958,27.251
18/09/2019 09:15,1.163073126,27.277
18/09/2019 09:30,1.165704532,27.301
18/09/2019 09:45,1.163548859,27.346
18/09/2019 10:00,1.167541519,27.434
18/09/2019 10:15,1.166148393,27.542
18/09/2019 10:30,1.16758959,27.666
18/09/2019 10:45,1.167602422,27.764
18/09/2019 11:00,1.168530642,27.839
18/09/2019 11:15,1.168473676,27.899
18/09/2019 11:30,1.169112414,28.003
18/09/2019 11:45,1.170392908,28.079
18/09/2019 12:00,1.168958186,28.077
18/09/2019 12:15,1.168233632,28.073
18/09/2019 12:30,1.169572478,28.101
18/09/2019 12:45,1.171579361,28.131
18/09/2019 13:00,1.172959505,28.128
18/09/2019 13:15,1.173197547,28.108
18/09/2019 13:30,1.172607499,28.07
18/09/2019 13:45,1.172979313,28.036
18/09/2019 14:00,1.172736832,27.978
18/09/2019 14:15,1.17141836,27.942
18/09/2019 14:30,1.170179546,27.924
18/09/2019 14:45,1.169508555,27.903
18/09/2019 15:00,1.17094493,27.86
18/09/2019 15:15,1.169433586,27.807
18/09/2019 15:30,1.169628845,27.759
18/09/2019 15:45,1.16784138,27.719
18/09/2019 16:00,1.169238761,27.694
18/09/2019 16:15,1.169097331,27.668
18/09/2019 16:30,1.16919708,27.636
18/09/2019 16:45,1.167865976,27.596
18/09/2019 17:00,1.166456231,27.56
18/09/2019 17:15,1.16760017,27.527
18/09/2019 17:30,1.168532614,27.487
18/09/2019 17:45,1.166553845,27.437
18/09/2019 18:00,1.166609426,27.365
18/09/2019 18:15,1.16713455,27.282
18/09/2019 18:30,1.164759341,27.191
18/09/2019 18:45,1.164579917,27.106
18/09/2019 19:00,1.165407624,27.035
18/09/2019 19:15,1.162746984,26.962
18/09/2019 19:30,1.163561325,26.907
18/09/2019 19:45,1.163583167,26.859
18/09/2019 20:00,1.164364136,26.818
18/09/2019 20:15,1.160574126,26.779
18/09/2019 20:30,1.160925749,26.748
18/09/2019 20:45,1.16096723,26.712
18/09/2019 21:00,1.161817162,26.682
18/09/2019 21:15,1.161580773,26.657
18/09/2019 21:30,1.161466541,26.636
18/09/2019 21:45,1.16139601,26.618
18/09/2019 22:00,1.161935616,26.588
18/09/2019 22:15,1.161447352,26.562
18/09/2019 22:30,1.16105792,26.529
18/09/2019 22:45,1.162722108,26.496
18/09/2019 23:00,1.163405815,26.469
18/09/2019 23:15,1.160659444,26.444
18/09/2019 23:30,1.162150214,26.411
18/09/2019 23:45,1.161147874,26.366
19/09/2019 00:00,1.161351893,26.328
19/09/2019 00:15,1.162082153,26.276
19/09/2019 00:30,1.159997547,26.225
19/09/2019 00:45,1.162357706,26.179
19/09/2019 01:00,1.160572728,26.121
19/09/2019 01:15,1.156232315,26.058
19/09/2019 01:30,1.15857302,25.995
19/09/2019 01:45,1.157171384,25.937
19/09/2019 02:00,1.150830362,25.872
19/09/2019 02:15,1.147451076,25.833
19/09/2019 02:30,1.148884966,25.808
19/09/2019 02:45,1.149839168,25.772
19/09/2019 03:00,1.152410821,25.733
19/09/2019 03:15,1.153025382,25.7
19/09/2019 03:30,1.154253215,25.669
19/09/2019 03:45,1.154816332,25.645
19/09/2019 04:00,1.154420542,25.636
19/09/2019 04:15,1.153708253,25.646
19/09/2019 04:30,1.154925859,25.645
19/09/2019 04:45,1.156696537,25.645
19/09/2019 05:00,1.155661476,25.646
19/09/2019 05:15,1.156187817,25.679
19/09/2019 05:30,1.156315881,25.721
19/09/2019 05:45,1.158153136,25.797
19/09/2019 06:00,1.1613261,25.887
19/09/2019 06:15,1.163207872,25.894
19/09/2019 06:30,1.166318314,25.897
19/09/2019 06:45,1.16891533,25.913
19/09/2019 07:00,1.171707521,25.933
19/09/2019 07:15,1.171317736,26.009
19/09/2019 07:30,1.16973893,26.103
19/09/2019 07:45,1.171717698,26.153
19/09/2019 08:00,1.168305157,26.274
19/09/2019 08:15,1.16921706,26.346
19/09/2019 08:30,1.164713024,26.414
19/09/2019 08:45,1.164246435,26.444
19/09/2019 09:00,1.1626997,26.46
19/09/2019 09:15,1.162308614,26.472
19/09/2019 09:30,1.162243156,26.465
19/09/2019 09:45,1.16172539,26.447
19/09/2019 10:00,1.161555846,26.441
19/09/2019 10:15,1.162526932,26.492
19/09/2019 10:30,1.160322487,26.523
19/09/2019 10:45,1.161486264,26.596
19/09/2019 11:00,1.1608684,26.719
19/09/2019 11:15,1.161961462,26.779
19/09/2019 11:30,1.162302021,26.751
19/09/2019 11:45,1.161890097,26.734
19/09/2019 12:00,1.163358759,26.806
19/09/2019 12:15,1.164599425,26.873
19/09/2019 12:30,1.164375132,26.966
19/09/2019 12:45,1.166644769,26.999
19/09/2019 13:00,1.166508428,27.083
19/09/2019 13:15,1.170318444,27.124
19/09/2019 13:30,1.169699814,27.069
19/09/2019 13:45,1.170002564,26.977
19/09/2019 14:00,1.172734535,26.897
19/09/2019 14:15,1.174845207,26.785
19/09/2019 14:30,1.176704004,26.672
19/09/2019 14:45,1.177806261,26.581
19/09/2019 15:00,1.177088531,26.59
19/09/2019 15:15,1.181007608,26.594
19/09/2019 15:30,1.18196503,26.52
19/09/2019 15:45,1.183316024,26.416
19/09/2019 16:00,1.186646704,26.337
19/09/2019 16:15,1.189230889,26.255
19/09/2019 16:30,1.190060898,26.171
19/09/2019 16:45,1.194466102,26.11
19/09/2019 17:00,1.197790423,26.055
19/09/2019 17:15,1.199939272,25.997
19/09/2019 17:30,1.203010153,25.934
19/09/2019 17:45,1.207580197,25.858
19/09/2019 18:00,1.206822439,25.764
19/09/2019 18:15,1.207946271,25.682
19/09/2019 18:30,1.210853228,25.609
19/09/2019 18:45,1.210348912,25.523
19/09/2019 19:00,1.210525634,25.433
19/09/2019 19:15,1.209174607,25.339
19/09/2019 19:30,1.21252234,25.243
19/09/2019 19:45,1.21392229,25.148
19/09/2019 20:00,1.212820836,25.068
19/09/2019 20:15,1.213618858,25.01
19/09/2019 20:30,1.210083392,24.949
19/09/2019 20:45,1.208992633,24.876
19/09/2019 21:00,1.210355339,24.801
19/09/2019 21:15,1.208634619,24.733
19/09/2019 21:30,1.209806673,24.68
19/09/2019 21:45,1.209949104,24.629
19/09/2019 22:00,1.207607185,24.576
19/09/2019 22:15,1.209962088,24.524
19/09/2019 22:30,1.206963008,24.471
19/09/2019 22:45,1.208288105,24.426
19/09/2019 23:00,1.20638706,24.397
19/09/2019 23:15,1.207346701,24.362
19/09/2019 23:30,1.206031916,24.325
19/09/2019 23:45,1.201092062,24.281
20/09/2019 00:00,1.202262548,24.221
20/09/2019 00:15,1.201846835,24.158
20/09/2019 00:30,1.199583554,24.101
20/09/2019 00:45,1.200781237,24.046
20/09/2019 01:00,1.202009807,23.995
20/09/2019 01:15,1.199956453,23.938
20/09/2019 01:30,1.200430967,23.891
20/09/2019 01:45,1.199099863,23.851
20/09/2019 02:00,1.197314702,23.798
20/09/2019 02:15,1.198482885,23.751
20/09/2019 02:30,1.197189859,23.718
20/09/2019 02:45,1.196763733,23.69
20/09/2019 03:00,1.196293541,23.669
20/09/2019 03:15,1.193361955,23.667
20/09/2019 03:30,1.192802709,23.685
20/09/2019 03:45,1.195667367,23.72
20/09/2019 04:00,1.194768946,23.778
20/09/2019 04:15,1.194521511,23.855
20/09/2019 04:30,1.197504737,23.942
20/09/2019 04:45,1.197379276,24.028
20/09/2019 05:00,1.194683078,24.128
20/09/2019 05:15,1.192612137,24.202
20/09/2019 05:30,1.197856692,24.25
20/09/2019 05:45,1.193569241,24.435
20/09/2019 06:00,1.19468341,24.467
20/09/2019 06:15,1.195704755,24.591
20/09/2019 06:30,1.192352318,24.666
20/09/2019 06:45,1.195515619,24.87
20/09/2019 07:00,1.194176623,25.045
20/09/2019 07:15,1.193768516,25.272
20/09/2019 07:30,1.193450482,25.482
20/09/2019 07:45,1.195723639,25.618
20/09/2019 08:00,1.196293797,25.8
20/09/2019 08:15,1.196518505,25.994
20/09/2019 08:30,1.194637866,26.155
20/09/2019 08:45,1.196468763,26.255
20/09/2019 09:00,1.194932938,26.471
20/09/2019 09:15,1.194777442,26.679
20/09/2019 09:30,1.195698303,26.855
20/09/2019 09:45,1.196093475,27.03
20/09/2019 10:00,1.197423311,27.204
20/09/2019 10:15,1.196369927,27.356
20/09/2019 10:30,1.197136912,27.497
20/09/2019 10:45,1.199048486,27.637
20/09/2019 11:00,1.199645457,27.735
20/09/2019 11:15,1.2007648,27.825
20/09/2019 11:30,1.198530402,27.926
20/09/2019 11:45,1.197020007,28.046
20/09/2019 12:00,1.197543778,28.149
20/09/2019 12:15,1.198635272,28.202
20/09/2019 12:30,1.199771851,28.27
20/09/2019 12:45,1.199405477,28.305
20/09/2019 13:00,1.1977647,28.297
20/09/2019 13:15,1.198688483,28.294
20/09/2019 13:30,1.197761747,28.278
20/09/2019 13:45,1.196575294,28.226
20/09/2019 14:00,1.197644913,28.129
20/09/2019 14:15,1.196957036,28.021
20/09/2019 14:30,1.195285722,27.9
20/09/2019 14:45,1.193651569,27.811
20/09/2019 15:00,1.193855487,27.726
20/09/2019 15:15,1.193704181,27.621
20/09/2019 15:30,1.18998155,27.487
20/09/2019 15:45,1.190393359,27.358
20/09/2019 16:00,1.190916447,27.231
20/09/2019 16:15,1.190276141,27.12
20/09/2019 16:30,1.190517488,27.01
20/09/2019 16:45,1.188044365,26.901
20/09/2019 17:00,1.18727416,26.798
20/09/2019 17:15,1.185375684,26.699
20/09/2019 17:30,1.183130192,26.605
20/09/2019 17:45,1.182496894,26.502
20/09/2019 18:00,1.182903914,26.404
20/09/2019 18:15,1.180669485,26.307
20/09/2019 18:30,1.180085143,26.213
20/09/2019 18:45,1.178072903,26.13
20/09/2019 19:00,1.1790507,26.048
20/09/2019 19:15,1.175368365,25.96
20/09/2019 19:30,1.175555966,25.872
20/09/2019 19:45,1.175130291,25.782
20/09/2019 20:00,1.175414419,25.7
20/09/2019 20:15,1.173624553,25.626
20/09/2019 20:30,1.171579124,25.552
20/09/2019 20:45,1.170924536,25.482
20/09/2019 21:00,1.17115335,25.415
20/09/2019 21:15,1.168809861,25.355
20/09/2019 21:30,1.16986538,25.294
20/09/2019 21:45,1.16588812,25.234
20/09/2019 22:00,1.167270283,25.176
20/09/2019 22:15,1.165111091,25.118
20/09/2019 22:30,1.165314276,25.053
20/09/2019 22:45,1.163142635,24.986
20/09/2019 23:00,1.165320985,24.92
20/09/2019 23:15,1.163202171,24.856
20/09/2019 23:30,1.161919372,24.793
20/09/2019 23:45,1.16085738,24.732
21/09/2019 00:00,1.160127471,24.675
21/09/2019 00:15,1.15833687,24.621
21/09/2019 00:30,1.158143531,24.567
21/09/2019 00:45,1.156836488,24.518
21/09/2019 01:00,1.158388013,24.471
21/09/2019 01:15,1.15708641,24.423
21/09/2019 01:30,1.158579484,24.377
21/09/2019 01:45,1.156430437,24.341
21/09/2019 02:00,1.154995063,24.307
21/09/2019 02:15,1.156182701,24.277
21/09/2019 02:30,1.154192136,24.25
21/09/2019 02:45,1.152296347,24.227
21/09/2019 03:00,1.154211676,24.215
21/09/2019 03:15,1.154244313,24.221
21/09/2019 03:30,1.152954891,24.239
21/09/2019 03:45,1.155264173,24.286
21/09/2019 04:00,1.149411064,24.356
21/09/2019 04:15,1.148807483,24.438
21/09/2019 04:30,1.150379315,24.534
21/09/2019 04:45,1.149179062,24.659
21/09/2019 05:00,1.150530004,24.805
21/09/2019 05:15,1.150548842,24.988
21/09/2019 05:30,1.153115087,25.146
21/09/2019 05:45,1.152770122,25.294
21/09/2019 06:00,1.154553363,25.449
21/09/2019 06:15,1.154332025,25.561
21/09/2019 06:30,1.152561828,25.697
21/09/2019 06:45,1.154790085,25.813
21/09/2019 07:00,1.156697604,25.964
21/09/2019 07:15,1.157079294,26.009
21/09/2019 07:30,1.157751587,26.094
21/09/2019 07:45,1.156105202,26.189
21/09/2019 08:00,1.158584681,26.274
21/09/2019 08:15,1.158588285,26.325
21/09/2019 08:30,1.159332478,26.341
21/09/2019 08:45,1.160104336,26.399
21/09/2019 09:00,1.159445257,26.501
21/09/2019 09:15,1.160858139,26.551
21/09/2019 09:30,1.160631627,26.605
21/09/2019 09:45,1.160020855,26.684
21/09/2019 10:00,1.160626487,26.745
21/09/2019 10:15,1.162221263,26.763
21/09/2019 10:30,1.162038266,26.825
21/09/2019 10:45,1.160553585,26.891
21/09/2019 11:00,1.162491974,26.947
21/09/2019 11:15,1.163008737,27.042
21/09/2019 11:30,1.163518408,27.181
21/09/2019 11:45,1.164708113,27.393
21/09/2019 12:00,1.164065889,27.384
21/09/2019 12:15,1.165014651,27.347
21/09/2019 12:30,1.165307556,27.374
21/09/2019 12:45,1.166910908,27.407
21/09/2019 13:00,1.166164412,27.404
21/09/2019 13:15,1.166690753,27.437
21/09/2019 13:30,1.163431139,27.42
21/09/2019 13:45,1.166253932,27.402
21/09/2019 14:00,1.166919567,27.37
21/09/2019 14:15,1.16649658,27.356
21/09/2019 14:30,1.164834961,27.319
21/09/2019 14:45,1.16574583,27.27
21/09/2019 15:00,1.16454214,27.24
21/09/2019 15:15,1.164588143,27.23
21/09/2019 15:30,1.164774008,27.239
21/09/2019 15:45,1.165227231,27.225
21/09/2019 16:00,1.164182208,27.199
21/09/2019 16:15,1.163768713,27.175
21/09/2019 16:30,1.164893847,27.157
21/09/2019 16:45,1.16370122,27.124
21/09/2019 17:00,1.163925244,27.088
21/09/2019 17:15,1.162741928,27.05
21/09/2019 17:30,1.164816007,26.99
21/09/2019 17:45,1.162637543,26.91
21/09/2019 18:00,1.161153479,26.81
21/09/2019 18:15,1.159755614,26.699
21/09/2019 18:30,1.160518963,26.591
21/09/2019 18:45,1.158751773,26.496
21/09/2019 19:00,1.158671181,26.404
21/09/2019 19:15,1.158931983,26.311
21/09/2019 19:30,1.157142299,26.232
21/09/2019 19:45,1.15715962,26.158
21/09/2019 20:00,1.155238468,26.08
21/09/2019 20:15,1.156203082,26.009
21/09/2019 20:30,1.157896121,25.936
21/09/2019 20:45,1.154158472,25.863
21/09/2019 21:00,1.153587964,25.79
21/09/2019 21:15,1.154655096,25.711
21/09/2019 21:30,1.152965629,25.637
21/09/2019 21:45,1.154192996,25.569
21/09/2019 22:00,1.151344007,25.505
21/09/2019 22:15,1.151654599,25.448
21/09/2019 22:30,1.152200564,25.394
21/09/2019 22:45,1.152790228,25.343
21/09/2019 23:00,1.150773199,25.291
21/09/2019 23:15,1.15055967,25.24
21/09/2019 23:30,1.1497053,25.192
21/09/2019 23:45,1.149407505,25.149
22/09/2019 00:00,1.148465185,25.11
22/09/2019 00:15,1.147288876,25.08
22/09/2019 00:30,1.143607843,25.056
22/09/2019 00:45,1.145472646,25.028
22/09/2019 01:00,1.145205187,25.004
22/09/2019 01:15,1.144548946,24.979
22/09/2019 01:30,1.145216333,24.949
22/09/2019 01:45,1.146104343,24.926
22/09/2019 02:00,1.145219554,24.911
22/09/2019 02:15,1.144398472,24.901
22/09/2019 02:30,1.143287257,24.888
22/09/2019 02:45,1.145014417,24.88
22/09/2019 03:00,1.143597582,24.888
22/09/2019 03:15,1.144909229,24.911
22/09/2019 03:30,1.141898452,24.928
22/09/2019 03:45,1.143422329,24.938
22/09/2019 04:00,1.143162446,25.006
22/09/2019 04:15,1.143420326,25.092
22/09/2019 04:30,1.146188188,25.178
22/09/2019 04:45,1.144005885,25.302
22/09/2019 05:00,1.146738539,25.452
22/09/2019 05:15,1.146901109,25.648
22/09/2019 05:30,1.146595055,25.83
22/09/2019 05:45,1.147243753,25.961
22/09/2019 06:00,1.14805766,26.067
22/09/2019 06:15,1.148819289,26.155
22/09/2019 06:30,1.14736651,26.247
22/09/2019 06:45,1.150606051,26.413
22/09/2019 07:00,1.152712448,26.666
22/09/2019 07:15,1.152499335,26.902
22/09/2019 07:30,1.15135386,27.126
22/09/2019 07:45,1.153153605,27.279
22/09/2019 08:00,1.156287573,27.387
22/09/2019 08:15,1.157905356,27.723
22/09/2019 08:30,1.158351488,27.753
22/09/2019 08:45,1.157664127,27.979
22/09/2019 09:00,1.160711928,28.296
22/09/2019 09:15,1.160134061,28.324
22/09/2019 09:30,1.160061425,28.413
22/09/2019 09:45,1.161039554,28.67
22/09/2019 10:00,1.163941021,28.846
22/09/2019 10:15,1.165231294,28.954
22/09/2019 10:30,1.165739396,29.086
22/09/2019 10:45,1.167311711,29.318
22/09/2019 11:00,1.168379259,29.526
22/09/2019 11:15,1.169532724,29.681
22/09/2019 11:30,1.172146007,29.95
22/09/2019 11:45,1.173650561,30.188
22/09/2019 12:00,1.173117694,30.283
22/09/2019 12:15,1.175318568,30.399
22/09/2019 12:30,1.175839854,30.52
22/09/2019 12:45,1.176729263,30.608
22/09/2019 13:00,1.174993709,30.596
22/09/2019 13:15,1.173060193,30.457
22/09/2019 13:30,1.17246781,30.234
22/09/2019 13:45,1.173885081,30.065
22/09/2019 14:00,1.173691742,30.011
22/09/2019 14:15,1.172572217,29.926
22/09/2019 14:30,1.172486367,29.828
22/09/2019 14:45,1.170923579,29.784
22/09/2019 15:00,1.171967119,29.751
22/09/2019 15:15,1.170164903,29.715
22/09/2019 15:30,1.170696118,29.665
22/09/2019 15:45,1.168296014,29.556
22/09/2019 16:00,1.169489441,29.418
22/09/2019 16:15,1.168132409,29.239
22/09/2019 16:30,1.163823601,29.061
22/09/2019 16:45,1.164602518,28.877
22/09/2019 17:00,1.164804486,28.696
22/09/2019 17:15,1.163361253,28.528
22/09/2019 17:30,1.162584957,28.392
22/09/2019 17:45,1.161397019,28.281
22/09/2019 18:00,1.160813596,28.162
22/09/2019 18:15,1.160192646,28.021
22/09/2019 18:30,1.158644225,27.884
22/09/2019 18:45,1.157234098,27.759
22/09/2019 19:00,1.157413305,27.651
22/09/2019 19:15,1.156907421,27.558
22/09/2019 19:30,1.155172135,27.489
22/09/2019 19:45,1.153679412,27.426
22/09/2019 20:00,1.153314223,27.379
22/09/2019 20:15,1.1551852,27.332
22/09/2019 20:30,1.154131784,27.286
22/09/2019 20:45,1.152189525,27.236
22/09/2019 21:00,1.151988994,27.179
22/09/2019 21:15,1.152411415,27.109
22/09/2019 21:30,1.151162172,27.027
22/09/2019 21:45,1.152944732,26.952
22/09/2019 22:00,1.150172815,26.877
22/09/2019 22:15,1.149981778,26.81
22/09/2019 22:30,1.148657032,26.746
22/09/2019 22:45,1.151185902,26.679
22/09/2019 23:00,1.149892408,26.609
22/09/2019 23:15,1.147821168,26.542
22/09/2019 23:30,1.14760662,26.469
22/09/2019 23:45,1.14561789,26.392
23/09/2019 00:00,1.145430725,26.319
23/09/2019 00:15,1.145517375,26.246
23/09/2019 00:30,1.143792967,26.179
23/09/2019 00:45,1.143156266,26.119
23/09/2019 01:00,1.143512494,26.062
23/09/2019 01:15,1.141900749,26.009
23/09/2019 01:30,1.142207287,25.963
23/09/2019 01:45,1.140582361,25.921
23/09/2019 02:00,1.139247386,25.887
23/09/2019 02:15,1.137476057,25.855
23/09/2019 02:30,1.139479154,25.839
23/09/2019 02:45,1.136945111,25.848
23/09/2019 03:00,1.136752888,25.863
23/09/2019 03:15,1.136105875,25.885
23/09/2019 03:30,1.135812703,25.915
23/09/2019 03:45,1.136174938,25.943
23/09/2019 04:00,1.135911917,25.997
23/09/2019 04:15,1.136675115,26.092
23/09/2019 04:30,1.136262655,26.189
23/09/2019 04:45,1.137981539,26.307
23/09/2019 05:00,1.136517615,26.454
23/09/2019 05:15,1.137869474,26.575
23/09/2019 05:30,1.139427206,26.707
23/09/2019 05:45,1.141116974,26.922
23/09/2019 06:00,1.141463189,27.088
23/09/2019 06:15,1.142044959,27.252
23/09/2019 06:30,1.14293854,27.475
23/09/2019 06:45,1.145554477,27.622
23/09/2019 07:00,1.146806239,27.884
23/09/2019 07:15,1.148803162,27.887
23/09/2019 07:30,1.149347857,27.967
23/09/2019 07:45,1.148184028,28.144
23/09/2019 08:00,1.152315664,28.474
23/09/2019 08:15,1.151391881,28.477
23/09/2019 08:30,1.149818729,28.765
23/09/2019 08:45,1.154253116,29.003
23/09/2019 09:00,1.155648526,29.33
23/09/2019 09:15,1.15836064,29.592
23/09/2019 09:30,1.158718301,29.844
23/09/2019 09:45,1.158238966,29.724
23/09/2019 10:00,1.157953971,29.581
23/09/2019 10:15,1.160988322,29.966
23/09/2019 10:30,1.160486226,29.919
23/09/2019 10:45,1.16141388,29.91
23/09/2019 11:00,1.16046033,29.978
23/09/2019 11:15,1.160523085,29.81
23/09/2019 11:30,1.162173742,29.897
23/09/2019 11:45,1.165102789,30.167
23/09/2019 12:00,1.162349142,30.191
23/09/2019 12:15,1.165368145,30.298
23/09/2019 12:30,1.164356059,30.419
23/09/2019 12:45,1.16628552,30.569
23/09/2019 13:00,1.167777593,30.6
23/09/2019 13:15,1.168601543,30.681
23/09/2019 13:30,1.16861843,30.768
23/09/2019 13:45,1.168583955,30.812
23/09/2019 14:00,1.167431709,30.773
23/09/2019 14:15,1.168314078,30.655
23/09/2019 14:30,1.166076595,30.492
23/09/2019 14:45,1.164312158,30.322
23/09/2019 15:00,1.163916719,30.204
23/09/2019 15:15,1.163745222,30.102
23/09/2019 15:30,1.162023384,29.965
23/09/2019 15:45,1.160421953,29.83
23/09/2019 16:00,1.160193755,29.731
23/09/2019 16:15,1.158356684,29.65
23/09/2019 16:30,1.159118933,29.572
23/09/2019 16:45,1.157868121,29.483
23/09/2019 17:00,1.158471052,29.369
23/09/2019 17:15,1.156834679,29.241
23/09/2019 17:30,1.154612047,29.121
23/09/2019 17:45,1.154966973,29
23/09/2019 18:00,1.153549103,28.887
23/09/2019 18:15,1.15161412,28.788
23/09/2019 18:30,1.152339857,28.71
23/09/2019 18:45,1.152343813,28.652
23/09/2019 19:00,1.151111539,28.605
23/09/2019 19:15,1.150775852,28.55
23/09/2019 19:30,1.151263549,28.492
23/09/2019 19:45,1.150353215,28.427
23/09/2019 20:00,1.148681819,28.358
23/09/2019 20:15,1.148215397,28.284
23/09/2019 20:30,1.14762857,28.208
23/09/2019 20:45,1.14776648,28.131
23/09/2019 21:00,1.146745051,28.059
23/09/2019 21:15,1.147174479,27.997
23/09/2019 21:30,1.144648263,27.942
23/09/2019 21:45,1.146371637,27.888
23/09/2019 22:00,1.144674427,27.826
23/09/2019 22:15,1.145358033,27.752
23/09/2019 22:30,1.143862357,27.67
23/09/2019 22:45,1.1426145,27.6
23/09/2019 23:00,1.141669225,27.542
23/09/2019 23:15,1.142677172,27.484
23/09/2019 23:30,1.142104177,27.429
23/09/2019 23:45,1.143018917,27.374
24/09/2019 00:00,1.140293654,27.321
24/09/2019 00:15,1.140461715,27.268
24/09/2019 00:30,1.140678916,27.219
24/09/2019 00:45,1.137707218,27.166
24/09/2019 01:00,1.137865968,27.118
24/09/2019 01:15,1.138168635,27.078
24/09/2019 01:30,1.136439254,27.047
24/09/2019 01:45,1.137097331,27.022
24/09/2019 02:00,1.135323516,27.008
24/09/2019 02:15,1.136947975,27.013
24/09/2019 02:30,1.137384146,27.016
24/09/2019 02:45,1.136692046,27.023
24/09/2019 03:00,1.135393496,27.041
24/09/2019 03:15,1.136947892,27.065
24/09/2019 03:30,1.137255547,27.088
24/09/2019 03:45,1.136759457,27.126
24/09/2019 04:00,1.136449048,27.178
24/09/2019 04:15,1.13643016,27.245
24/09/2019 04:30,1.136324887,27.328
24/09/2019 04:45,1.136697084,27.383
24/09/2019 05:00,1.13910171,27.518
24/09/2019 05:15,1.139551277,27.703
24/09/2019 05:30,1.14235051,27.929
24/09/2019 05:45,1.137605128,28.107
24/09/2019 06:00,1.137582611,28.10880556
24/09/2019 06:15,1.136490707,28.23018889
24/09/2019 06:30,1.13889032,28.35157222
24/09/2019 06:45,1.139075018,28.47295556
24/09/2019 07:00,1.139259717,28.59433889
24/09/2019 07:15,1.139444416,28.71572222
24/09/2019 07:30,1.139629116,28.83710556
24/09/2019 07:45,1.139813815,28.95848889
24/09/2019 08:00,1.139998514,29.07987222
24/09/2019 08:15,1.140183213,29.20125556
24/09/2019 08:30,1.140367913,29.32263889
24/09/2019 08:45,1.140552612,29.44402222
24/09/2019 09:00,1.140737311,29.56540556
24/09/2019 09:15,1.14092201,29.68678889
24/09/2019 09:30,1.14110671,29.80817222
24/09/2019 09:45,1.141291409,29.92955556
24/09/2019 10:00,1.141476108,30.05093889
24/09/2019 10:15,1.141660807,30.17232222
24/09/2019 10:30,1.141845507,30.29370556
24/09/2019 10:45,1.141698425,30.19
24/09/2019 11:00,1.141551342,30.08629444
24/09/2019 11:15,1.14140426,29.98258889
24/09/2019 11:30,1.14125718,29.87888333
24/09/2019 11:45,1.141110097,29.77517778
24/09/2019 12:00,1.140963015,29.67147222
24/09/2019 12:15,1.140815933,29.56776667
24/09/2019 12:30,1.140668851,29.46406111
24/09/2019 12:45,1.14052177,29.36035556
24/09/2019 13:00,1.140374688,29.25665
24/09/2019 13:15,1.140227606,29.15294444
24/09/2019 13:30,1.140080523,29.04923889
24/09/2019 13:45,1.139933443,28.94553333
24/09/2019 14:00,1.139786361,28.84182778
24/09/2019 14:15,1.139639278,28.73812222
24/09/2019 14:30,1.139492196,28.63441667
24/09/2019 14:45,1.139345115,28.53071111
24/09/2019 15:00,1.139198033,28.42700556
24/09/2019 15:15,1.139050951,28.3233
24/09/2019 15:30,1.138903869,28.21959444
24/09/2019 15:45,1.138756788,28.11588889
24/09/2019 16:00,1.138609706,28.01218333
24/09/2019 16:15,1.138462624,27.90847778
24/09/2019 16:30,1.138315542,27.80477222
24/09/2019 16:45,1.138168461,27.70106667
24/09/2019 17:00,1.138021379,27.59736111
24/09/2019 17:15,1.137874297,27.49365556
24/09/2019 17:30,1.137727214,27.38995
24/09/2019 17:45,1.137580132,27.28624444
24/09/2019 18:00,1.137433051,27.18253889
24/09/2019 18:15,1.137285969,27.07883333
24/09/2019 18:30,1.137138887,26.97512778
24/09/2019 18:45,1.136991805,26.87142222
24/09/2019 19:00,1.136844724,26.76771667
24/09/2019 19:15,1.136697642,26.66401111
24/09/2019 19:30,1.13655056,26.56030556
24/09/2019 19:45,1.136403478,26.4566
24/09/2019 20:00,1.136256397,26.35289444
24/09/2019 20:15,1.136109315,26.24918889
24/09/2019 20:30,1.135962232,26.14548333
24/09/2019 20:45,1.13581515,26.04177778
24/09/2019 21:00,1.13566807,25.93807222
24/09/2019 21:15,1.135520987,25.83436667
24/09/2019 21:30,1.135373905,25.73066111
24/09/2019 21:45,1.135226823,25.62695556
24/09/2019 22:00,1.135079742,25.52325
24/09/2019 22:15,1.13493266,25.41954444
24/09/2019 22:30,1.134785578,25.31583889
24/09/2019 22:45,1.134638496,25.21213333
24/09/2019 23:00,1.134491413,25.10842778
24/09/2019 23:15,1.134344333,25.00472222
24/09/2019 23:30,1.134197251,24.90101667
24/09/2019 23:45,1.134050168,24.79731111
25/09/2019 00:00,1.133903086,24.69360556
25/09/2019 00:15,1.133756005,24.5899
25/09/2019 00:30,1.133608923,24.48619444
